Marca,LINHA,FRAGRANCIA,CATEGORIA,CAIXA/KIT/UNIDADE,QTDE,VALOR
Avon,,,Escova Cabelo Rosa,Unidade,2,10
Avon,,,Escova Cabelo Azul,Unidade,1,"19,9"
Avon,,,Lixa de Pés,Unidade,1,"14,9"
Avon,,,Conjunto 6 Lixas Unhas,Kit,1,"13,9"
Avon,,,Kit Manicure Flor e Borboleta,Kit,1,"39,9"
Avon,,,Protetor Solar Corporal FPS 30,Frasco,1,
Avon,,,Creme Corporal Depilatório,Frasco,5,
Avon,,Masculino,Desodorante Roll-on,Frasco,1,
Avon,,Óleo de Coco,Hidratante,Frasco 700ml,1,
Avon,,Feminino,Desodorante Roll-on,Frasco,2,
Avon,,Power Stay Nude,Iluminador,Unidade,2,
Avon,,,Colônia + Shampoo,Kit,1,
Avon,300 Km/h,Surfer,Perfume Masculino,Frasco,1,
Avon,300 km/h,Surfer,Perfume Masculino,Frasco,1,
Avon,300 km/h,Tradicional,Gel Pós-Barba + Perfume + Garrafa,Kit,1,
Avon,300 km/h,Tradicional,Deo Colônia + Shampoo,Kit,1,
Avon,300 km/h,Quantum,Colônia Masculina,Frasco,1,
Avon,Advance Techniques,Ultra Liso,Sérum Finalizador,Unidade,1,"29,9"
Avon,Advance Techniques,Cachos Poderosos,Loção Tratamento,Unidade,1,"39,9"
Avon,Advance Techniques,Cachos Poderosos,Gelatina,Unidade,1,"45,9"
Avon,Advance Techniques,Hidratação Profunda,Shampoo,Unidade,1,"25,99"
Avon,Advance Techniques,Hidratação Profunda,Condicionador,Unidade,4,"25,99"
Avon,Aquavibe,Baby Smell,Desodorante creme,Unidade,1,"11,49"
Avon,Aquavibe,Alfazema e Sândalo,Colônia,Frasco Grande,1,
Avon,Aquavibe,Lavanda,Colônia,Frasco 150 ml,1,
Avon,Aquavibe,Baby Smell,Colônia,Frasco 150 ml,1,
Avon,Dark,Black Essential,Perfume + Shampoo,Kit,1,
Avon,Care,Erva Doce,Creme Mãos Luvas de Silicone,Unidade,1,"17,99"
Avon,Care,Original,Creme de Mãos,Unidade,1,"17,99"
Avon,Care,Original 120g,Creme Mãos Luvas Silicone,Unidade,1,"24,99"
Avon,Care,Hidratação Suave,Desodorante Roll-on,Unidade,1,"11,99"
Avon,Care,Neutro sem Perfume,Desodorante Roll-on,Unidade,1,"11,99"
Avon,Care,Manteiga de Cacau ,Hidratante,Frasco 700 ml,1,
Avon,Care,Gentle Active,Sabonete Líquido Íntimo 3 em 1 ,Frasco 125 ml,1,
Avon,Care,Gentle Active,Sabonete Líquido Íntimo 3 em 1 ,Frasco 250 ml,1,
Avon,Care,,Gel Creme Facial Matificante,Frasco,1,
Avon,Care,,Protetor Solar Facial FPS 40,Frasco,1,
Avon,Care,,Protetor Solar Corporal FPS 30,Frasco,1,
Avon,Care,Macadâmia,Hidratante,Frasco,1,
Avon,Care,Macadâmia,Hidratante,Frasco 700ml,1,
Avon,Care,,Creme Depilatório,Frasco,4,
Avon,Care,,Creme Depilatório Corporal,Frasco,2,
Avon,Care Baby,Calming,Hidratante Infantil,Frasco,1,
Avon,Care Baby,Sem Lágrimas Infantil,Shampoo ,Frasco,1,
Avon,Care Baby,,Shampoo Infantil 2 em 1,Frasco,2,
Avon,Care Baby,,Shampoo Infantil 2 em 1,Frasco 700ml,1,
Avon,Care Baby,,Protetor Solar Infantil FPS 40,Frasco 120g,1,
Avon,Care Face,,Creme Facial Iluminador Vitamina C,Unidade,1,"32,99"
Avon,Care Face,,Creme Facial Antissinais,Unidade,2,"32,99"
Avon,Care Face,,Creme Facial Noturno,Unidade,1,"32,99"
Avon,Care Face,,Creme Facial Uniformizador,Unidade,1,"32,99"
Avon,Care Face,,Sabonete Gel Limpeza Facial,Unidade,2,"23,99"
Avon,Care Face,,Máscara Limpeza Facial / pepino,Unidade,1,"24,99"
Avon,Care Face,,Gel Esfoliante Facial 80g,Unidade,1,"26,99"
Avon,Care Face,,Gel de Limpeza Facial 120g,Unidade,1,"23,99"
Avon,Care Face,,Sérum Facial Hidratante,Unidade,1,"42,99"
Avon,Care Footworks,,Desodorante Pés Spray,Unidade,2,"23,99"
Avon,Care Footworks,,Desodorante Pé Extra Seco Creme,Unidade,2,"21,99"
Avon,Care Footworks,,Esfoliante Intensivo Tripla Ação Pés,Unidade,1,"23,99"
Avon,Care Footworks,,Desodorante Noturno Pés,Unidade,1,"21,99"
Avon,Care Footworks,,Esfoliante Pés Kiwi e Morango,Unidade,1,"23,99"
Avon,Care Sun,,Protetor Solar Rosto e Corpo FPS 70 - 120g,Unidade,1,"72,9"
Avon,Care Sun,,Protetor Solar FPS 50 - 120g,Unidade,1,"51,9"
Avon,Care Sun,,Protetor Solar FPS 30 - 120g,Unidade,1,"44,99"
Avon,Care Sun,,Protetor Solar Rosto FPS 30,Unidade,1,"44,99"
Avon,Care Sun,,Protetor Solar FPS 30,Frasco 120g,1,
Avon,Care Sun,,Protetor Solar Infantil FPS 40,Frasco,1,
Avon,Clear Skin,,Limpeza e Exfoliação Sabonete,Unidade,3,"17,99"
Avon,Clear Skin,,Sabonete Purificante,Unidade,1,"17,99"
Avon,Clear Skin,,Gel Facial Secativo,Unidade,4,"29,99"
Avon,Clear Skin,,Sabonete Gel Limpeza Facial,Unidade,1,"21,99"
Avon,Clearskin,—,Sabonete Facial com Carvão,Frasco,1,
Avon,Clearskin,—,Sabonete Gel Facial,Frasco,1,
Avon,Clearskin,Carvão,Sabonete Facial,Frasco,1,
Avon,Disney,Frozen,Sabonete em Barra,Caixa 3 unidades,1,
Avon,Encanto,Encanto,Sabonete,Caixa c/4,4,"27,99"
Avon,Far Away,Glamour,Desodorante Roll-on,Unidade,3,"11,99"
Avon,Far Away,Beyond,Perfume,Unidade,1,"99,99"
Avon,Far Away,Glamour,Perfume,Unidade,1,"99,99"
Avon,Far Away,Splendoria,Perfume,Unidade,1,"99,99"
Avon,Garrafa,Crer Para Ver Arara,Acessório,Garrafa,1,
Avon,Garrafa,Crer Para Ver Sonhar Para Transformar,Acessório,Garrafa,1,
Avon,Luiv,Date Night Loção Iluminadora,Hidratante,Frasco,1,
Avon,Mickey,,Colônia Infantil,Frasco,1,
Avon,Minnie,,Colônia Infantil,Frasco,1,
Avon,Minnie,,Colônia Infantil,Frasco,2,
Avon,Musk Minerals,,Body Splash,Unidade,1,"42,99"
Avon,Musk Minerals,,Body Splash,Frasco,1,"42,9"
Avon,On Duty,Classic,Desodorante Roll-on,Unidade,1,"11,99"
Avon,On Duty,Women Max Protection,Desodorante Aerosol,Unidade,1,"11,99"
Avon,Petit,Atitude Girl Power,Colônia + Loção,Kit,2,
Avon,Petit,Atitude Girl Power,Deo Colônia Infantil,Frasco,1,
Avon,Petit,Lavande,Deo Colônia Infantil,Frasco,1,
Avon,Princess,Ariel,Colônia Infantil,Frasco,1,
Avon,Purblame,Purblame,Colônia Feminina,Frasco,1,
Avon,Renew,,Protetor Solar Facial Extra Matte FPS 30,Unidade,1,"49,9"
Avon,Renew,,Creme Facial Duo Colágeno,Unidade,1,"99,9"
Avon,Renew,,Sérum Efeito Lifting,Unidade,1,"159,9"
Avon,Renew,Extrato de Carvão,Sabonete Gel Limpeza Facial Extrato Caviar 125g,Unidade,1,"42,9"
Avon,Renew,,Sabonete Gel Limpeza Facial Extrato Caviar 30g,Unidade,1,"15,9"
Avon,Renew,,Antioxidante Esfoliante Facial Vit C,Unidade,1,"49,9"
Avon,Renew,,Power Creme Olhos Pele Renovada,Unidade,1,"79,9"
Avon,Renew,,Água Micelar 150ml,Unidade,1,"42,8"
Avon,Renew,,água micelar Revitalizante 60ml,Unidade,1,20
Avon,Renew,,Tônico Facial Vitamina C,Unidade,1,"47,9"
Avon,Renew,,Protetor Solar Facial FPS 70,Frasco,1,
Avon,Renew,,Sabonete Facial,Frasco,1,
Avon,Skin Soft,,Creme Depilatório Rosto,Unidade,2,"29,99"
Avon,Spider-Man,,Colônia Infantil,Frasco,1,
Avon,,,Espremedor Portátil,Acessório,1,
Avon,,,Desodorante Roll-on,Frasco,10,
Avon,,,Escova Cabelo Kids,Unidade,1,
Avon,,,Escova Dente + Estojo Ariel Princesa,Kit,1,
Eudora,Siàge,Reconstrói,Óleo Capilar Reparador,Frasco,1,
Eudora,Baby,,Sabonete Líquido + Colônia + Caixa,Kit,1,
Eudora,Chic,Retrô ,Hidratante + Perfume,Kit,1,
Eudora,Chic,Tradicional,Hidratante + Perfume,Kit,1,
Eudora,Club 6,Tradicional,Body Spray,Unidade,1,"44,9"
Eudora,Club 6,Vibe,Body Spray,Body Spray,1,"44,9"
Eudora,Club 6,Tradicional,Perfumaria,Frasco,1,"44,9"
Eudora,Club 6,Exclusive,Perfume Masculino,Frasco,1,
Eudora,Club 6,Tradicional,Shower Gel + Desodorante Aerossol,Kit,1,
Eudora,Diva,Absoluta,Hidratante,Unidade,1,"54,9"
Eudora,Golden,,Perfume,Frasco,1,"239,9"
Eudora,H,,Colônia + Balm Pós Barba,Kit,2,
Eudora,H,Ready ,Perfume Masculino,Frasco,1,
Eudora,H,Marine,Perfume Masculino,Frasco,1,
Eudora,H,Ready,Perfume Masculino,Frasco,1,
Eudora,H,Marine,Perfume Masculino,Frasco,1,
Eudora,H,,Shower Gel 2 em 1 + Aerossol,Kit,1,
Eudora,Her Code,Tradicional ,Hidratante,Pote,1,"119,9"
Eudora,Impression,Tradicional ,Aerosol,Unidade,2,"39,9"
Eudora,Impression,Tradicional ,Aerosol,Aerossol,2,"39,9"
Eudora,Impression,Tradicional ,Body Splash,Frasco,1,
Eudora,Impression,Tradicional ,Body Splash + Creme Pós Barba,Kit,1,
Eudora,Impression,In Black,Colônia Masculina,Frasco,1,
Eudora,Impression,In Black,Hidratante Corporal,Frasco,1,
Eudora,Impression,Alive,Colônia Feminina,Frasco,2,
Eudora,Impression,In Black,Colônia Masculina,Frasco,1,
Eudora,Impression,In Black,Hidratante Corporal Masculino,Frasco,1,
Eudora,Indulgent,,Hidratante Corporal,Refil,1,
Eudora,Indulgent Cream,,Hidratante,Refil,1,"87,99"
Eudora,Indulgent Cream,,Hidratante,Refil,1,"87,99"
Eudora,Instance,Cereja & Amêndoas,Sabonete em Barra,Caixa,2,
Eudora,Instance,Rosa Absoluta,Hidratante Corporal,Frasco 400ml,1,
Eudora,Instance,Maracujá,Hidratante Corporal,Frasco 400ml,1,
Eudora,Instance,Flor de Baunilha,Sabonete em Barra,Caixa 4 unidades,1,
Eudora,Instance,Rosa Absoluta,Sabonete em Barra,Caixa 4 unidades,1,
Eudora,Instance,Maracujá,Hidratante,Pote,1,"58,99"
Eudora,Instance,Sabonetes sortidos,Sabonete,caixa c/4,7,"32,99"
Eudora,Instance,Rosa absoluta,Sabonete,caixa c/4,1,"32,99"
Eudora,Instance,Bacio di Latte,Sabonete,caixa c/4,2,"34,99"
Eudora,Instance,Maracujá,Sabonete,caixa c/4,1,"32,99"
Eudora,Instance,Doce Fino,Sabonete,Caixa c/3,1,25
Eudora,Instance,Velvet Cristal,Sabonete,Caixa c/3,1,25
Eudora,Instance,Frutas Vermelhas,Hidratante + Sabonete Liquido,Kit,1,"99,9"
Eudora,Instance,Karité,Hidratante,Refil,4,"49,9"
Eudora,Instance,Ameixa e Praliné,Hidratante,Refil,1,"49,9"
Eudora,Instance,Frutas Vermelhas,Hidratante,Refil,2,"49,9"
Eudora,Instance,Algodão e Jasmin,Hidratante,Refil,1,"49,9"
Eudora,Instance,Baunilha,Hidratante,Refil,3,"49,9"
Eudora,Instance,Baunilha,Hidratante,Pote,2,"58,99"
Eudora,Instance,Rosa absoluta,Hidratante,Pote,1,"58,99"
Eudora,Instance,Baunilha,Creme Mãos 30g,Unidade,1,"19,99"
Eudora,Instance,Frutas Vermelhas,Sabonete Líquido 400ml,Unidade,1,"49,99"
Eudora,Instance,Baunilha ,Mini Hidratante + Creme Mãos,Kit,3,"39,9"
Eudora,Instance,Lima Rosa ,Gel Refrescante de Banho,Gel,1,"44,9"
Eudora,Instance,Karité Manteiga ,Hidratante Corporal,Pote,1,"37,9"
Eudora,Instance,Lima Rosa ,Creme Mãos e Pés + Gel Banho + Gelato Hidratante,Kit,1,
Eudora,Instance,Bacio di Latte ,Gloss Labial + Hidratante Corporal,Kit,1,
Eudora,Instance,Karité ,Hidratante + Sabonete + Lata,Kit,1,
Eudora,Instance,Sortidos,Sabonete,Caixa 4 un,2,
Eudora,Instance,Algodão & Jasmim,Desodorante Corporal,Frasco,2,
Eudora,Instance,Macaron,Body Splash,Frasco,1,
Eudora,Instance,Karité,Spray + Creme Mãos + Sabonete Líquido,Kit,1,
Eudora,Instance,Karite,Refil Hidratante Corporal,Refil,1,
Eudora,Instance,Karite,Desodorante Aerosol,Frasco,1,
Eudora,Instance ,Body Splash,Body Splash,Frasco,2,
Eudora,Instance ,Body Splash,Body Splash,Frasco,1,
Eudora,Intention,Bad ,Perfume Masculino,Frasco,1,
Eudora,Intention,Bold ,Perfume Masculino,Frasco,1,
Eudora,Kids,Imaginação,Colônia Infantil,Frasco,2,
Eudora,Kids,Era Uma Vez,Colônia Infantil,Frasco,1,
Eudora,La Piel,Tâmara Egipcias,Sabonete Líquido,Refil,1,
Eudora,La Victorie,Tradicional,Hidratante Corporal,Frasco,1,
Eudora,La Victorie,Tradicional,Sabonete,Caixa c/2,1,"19,9"
Eudora,La Victorie,Tradicional,Hidratante,Refil,1,"87,99"
Eudora,La Victorie,Intense,Hidratante,Pote,3,"109,99"
Eudora,La Victorie,Tradicional,Hidratante,Pote,1,"109,99"
Eudora,La Victorie,Intense,Perfume,Unidade,1,249
Eudora,La Victorie,Tradicional,Hidratante,Refil,1,"87,99"
Eudora,La Victorie,Intense,Hidratante,Pote,3,"109,99"
Eudora,La Victorie,Tradicional,Hidratante,Pote,1,"109,99"
Eudora,Lyra,Tradicional,Perfume,Unidade,1,"169,9"
Eudora,Lyra,Happy,Perfume,Unidade,1,"169,9"
Eudora,Lyra,Joy,Perfume,Unidade,1,"169,9"
Eudora,Magnific,Violet Dahlia,Perfume,Unidade,1,"139,9"
Eudora,Magnific,,Body Splash,Frasco,1,
Eudora,Men,,Desodorante Aerosol,Frasco,1,
Eudora,Nativa Skin,,Hidratante,Unidade,1,"54,99"
Eudora,Nativa Skin,,Hidrogel Nutritivo,Unidade,1,"99,9"
Eudora,Neo Dermo,,Tônico Micelar,Unidade,1,"49,99"
Eudora,Neo Dermo,,Creme Hidratante Facial 5 em 1,Unidade,1,"74,99"
Eudora,Neo Dermo,,Creme de Contorno Facial,Unidade,2,"74,99"
Eudora,Neo Dermo,,Esfoliante Facial,Unidade,2,"59,99"
Eudora,Neo Dermo,,Sérum Multi Protetor FPS 50,Unidade,1,"84,99"
Eudora,Neo Dermo,,Protetor Solar Facial FPS 50,Unidade,1,"84,99"
Eudora,Niina Secrets,,Perfume,Unidade,1,179
Eudora,Niina skin,,Balm Hidratante Facial,Unidade,1,"117,99"
Eudora,Niina skin,,Gel de Limpeza 100g,Unidade,2,"57,99"
Eudora,Niina skin,,Mousse de Limpeza Facial,Unidade,2,"69,99"
Eudora,Niina skin,,Gel de Limpeza 300g,Unidade,3,"84,99"
Eudora,Pulse,Tradicional,Colônia + Balm Pós-Barba,Kit,1,
Eudora,Roxinho,Redondo tradicional,Perfume,Unidade,3,"239,9"
Eudora,Siàge,Liso,Máscara Capilar,Frasco,2,
Eudora,Siàge,Liso,Leave-in Capilar,Frasco,1,
Eudora,Siàge,Cachos,Shampoo Capilar,Frasco,1,
Eudora,Siàge,Cachos,Condicionador Capilar,Frasco,1,
Eudora,Siàge,Cachos,Ativador de Cachos,Frasco,1,
Eudora,Siàge,Acelera Crescimento,Máscara Capilar,Frasco,2,
Eudora,Siàge,Liso Intenso,Máscara Capilar,Frasco,2,
Eudora,Siàge,Liso Intenso,Leave-in Capilar,Frasco,1,
Eudora,Siàge,Acelera Crescimento,Máscara Capilar,Frasco,2,
Eudora,Siàge,Cachos Masculino,Shampoo,Frasco,1,
Eudora,Siàge,Cachos Masculino,Condicionador,Frasco,1,
Eudora,Siàge,Acelera Crescimento,Shampoo,Frasco,1,
Eudora,Siàge,Acelera Crescimento,Condicionador,Frasco,1,
Eudora,Siàge,Acelera Crescimento,Máscara Capilar,Frasco,1,
Eudora,Siàge,Anti Frizz,Shampoo,Frasco,1,
Eudora,Siàge,Anti Frizz,Condicionador,Frasco,1,
Eudora,Siàge,Anti Frizz,Máscara Capilar,Frasco,1,
Eudora,Siàge,Acelera o Crescimento,Máscara,Unidade,1,"69,99"
Eudora,Siàge,Acelera o Crescimento,Tônico Capilar,Unidade,2,"72,99"
Eudora,Siàge,Acelera o Crescimento,Shampoo,Unidade,4,"47,99"
Eudora,Siàge,Acelera o Crescimento,Condicionador,Unidade,4,"49,99"
Eudora,Siàge,Resgate Imediato,Máscara,Unidade,1,"69,99"
Eudora,Siàge,Resgate Imediato,Água Lamelar,Unidade,1,"69,99"
Eudora,Siàge,Resgate Imediato,Shampoo,Unidade,3,"47,99"
Eudora,Siàge,Resgate Imediato,Condicionador,Unidade,1,"49,99"
Eudora,Siàge,Revela Cachos,Máscara,Unidade,2,"69,99"
Eudora,Siàge,Revela Cachos,Shampoo,Unidade,1,"47,99"
Eudora,Siàge,Revela Cachos,Condicionador,Unidade,1,"49,99"
Eudora,Siàge,Remove Oleosidade,Shampoo,Unidade,1,"47,99"
Eudora,Siàge,Hidratação Micelar,Shampoo,Unidade,1,"44,99"
Eudora,Siàge,Hidratação Micelar,Condicionador,Unidade,1,"47,99"
Eudora,Siàge,Hidratação Micelar,Máscara,Unidade,1,"49,99"
Eudora,Siàge,Loiro Expert,Shampoo Matizador,Unidade,2,"44,99"
Eudora,Siàge,Loiro Expert,Condicionador,Unidade,2,"47,99"
Eudora,Siàge,Loiro Expert,Máscara Matizadora,Unidade,1,"69,99"
Eudora,Siàge,Liso Intenso,Máscara,Unidade,1,"67,99"
Eudora,Siàge,Liso Intenso,Shampoo,Unidade,3,"44,99"
Eudora,Siàge,Liso Intenso,Condicionador,Unidade,3,"47,99"
Eudora,Siàge,Pro Cronology,Cronograma capilar,Unidade,2,"129,9"
Eudora,Siàge,Pro Cronology,Leave-in,Unidade,1,"64,9"
Eudora,Siàge,Pro Cronology,Máscara,Unidade,1,"69,99"
Eudora,Siàge,Pro Cronology / Curvas,Condicionador 250ml,Unidade,4,"49,99"
Eudora,Siàge,Pro Cronology,Condicionador 200ml,Unidade,2,"49,99"
Eudora,Siàge,Pro Cronology / Curvas,Shampoo,Unidade,4,"47,99"
Eudora,Siàge,Pro Cronology,Creme Pentear / Definição,Unidade,5,"49,99"
Eudora,Siàge,Pro Cronology,Creme Pentear / volume,Unidade,2,"49,99"
Eudora,Siàge,Pro Cronology,Crono Jelly / Gelatina,Unidade,3,"62,99"
Eudora,Siàge,Cauterização dos Fios,Shampoo,Unidade,1,"47,99"
Eudora,Siàge,Cauterização dos Fios,Condicionador,Unidade,1,"49,99"
Eudora,Siàge,Cauterização dos Fios,Sérum Alto Aquecimento,Unidade,2,"67,99"
Eudora,Siàge,Nutri Rosé,Máscara,Unidade,1,"69,99"
Eudora,Siàge,Nutri Rosé,Shampoo,Unidade,1,"47,99"
Eudora,Siàge,Nutri Rosé,Condicionador,Unidade,1,"49,99"
Eudora,Siàge,Nutri Rosé,Leave-in,Unidade,1,"52,99"
Eudora,Siàge,Nutri Rosé,Máscara,Refil,1,"55,99"
Eudora,Siàge,Nutri Rosé,Condicionador 400ml,Refil,1,"54,99"
Eudora,Siàge,Cauterização dos Lisos,Máscara,Unidade,1,"69,99"
Eudora,Siàge,Cauterização dos Lisos,Shampoo,Unidade,1,"47,99"
Eudora,Siàge,Cauterização dos Lisos,Condicionador,Unidade,1,"49,99"
Eudora,Siàge,Nutri Ácido Complex,Máscara,Unidade,2,"69,99"
Eudora,Siàge,Nutri Ácido Complex,Shampoo,Unidade,1,"47,99"
Eudora,Siàge,Nutri Ácido Complex,Condicionador,Unidade,2,"49,99"
Eudora,Siàge,Nutri Óleos Poderosos,Máscara,Unidade,0,"69,99"
Eudora,Siàge,Nutri Óleos Poderosos,Shampoo,Unidade,0,"47,99"
Eudora,Siàge,Nutri Óleos Poderosos,Condicionador,Unidade,0,"49,99"
Eudora,Siàge,Reconstrói os Fios,Shampoo,Unidade,1,"47,99"
Eudora,Siàge,Reconstrói os Fios,Condicionador,Unidade,2,"49,99"
Eudora,Siàge,Reconstrói os Fios,Queratina Liquida,Unidade,2,"59,9"
Eudora,Siàge,Cicatherapy,Máscara,Unidade,1,"69,99"
Eudora,Siàge,Cicatherapy,Máscara,Refil,1,"55,99"
Eudora,Siàge,Glow Expert,Máscara Ultra Brilho,Unidade,2,"69,99"
Eudora,Siàge,Glow Expert,Shampoo,Unidade,1,"47,99"
Eudora,Siàge,Glow Expert,Condicionador,Unidade,1,"49,99"
Eudora,Siàge,Regeneração Pós-Química,Máscara,Unidade,1,"69,99"
Eudora,Siàge,Regeneração Pós-Química,Shampoo,Unidade,1,"47,99"
Eudora,Siàge,Regeneração Pós-Química,Condicionador,Unidade,1,"49,99"
Eudora,Siàge,Hair Plastia,Máscara,Unidade,1,"69,99"
Eudora,Siàge,Hair Plastia,Máscara,Refil,1,"55,99"
Eudora,Siàge,Hair Plastia,Shampoo,Unidade,1,"47,99"
Eudora,Siàge,Hair Plastia,Condicionador,Unidade,1,"49,99"
Eudora,Siàge,Miracle Booster,Tratamento,Unidade,1,"52,99"
Eudora,Siàge,Antioleosidade Micelar,Shampoo,Unidade,2,"44,99"
Eudora,Siàge,Limpeza Purificante,Shampoo,Unidade,1,"44,99"
Eudora,Siàge,Combate a Caspa,Shampoo,Unidade,2,"68,99"
Eudora,Siàge,Estimula o Crescimento Men,Shampoo,Unidade,1,"41,99"
Eudora,Siàge,Estimula o Crescimento Men,Tônico,Unidade,1,"69,99"
Eudora,Siàge,Cachos e Crespos Men,Condicionador,Unidade,1,"43,99"
Eudora,Siàge,Reconstrói,Óleo Capilar Reparador,Frasco,1,
Eudora,Siàge,Cachos e Crespos Men,Creme Pentear,Unidade,2,"69,99"
Eudora,Siàge,Hidratação Intensa Men,Condicionador,Unidade,1,"43,99"
Eudora,Siàge,Alta Fixação Men,Gel Capilar,Unidade,1,"42,99"
Eudora,Siàge,Dermo Hair antiqueda,Shampoo,Unidade,1,"64,99"
Eudora,Siàge,Dermo Hair antiqueda,Condicionador,Unidade,1,"64,99"
Eudora,Siàge,Reconstrói os Fios Máscara,Cabelo,Pote,1,"69,9"
Eudora,Siàge,Reconstrói os Fios Shampoo,Cabelo,Frasco,1,"47,99"
Eudora,Siàge,Reconstrói os Fios Condicionador,Cabelo,Frasco,1,"49,99"
Eudora,Siàge,Glow,Condicionador Capilar,Frasco,2,
Eudora,Siàge,Glow,Shampoo Capilar,Frasco,3,
Eudora,Siàge,Glow,Máscara Capilar,Frasco,3,
Eudora,Siàge,Glow,Leave-in Balm Capilar,Frasco,3,
Eudora,Siàge,Men,Ativador de Cachos,Spray,1,
Eudora,Volpe,Triumph,Colônia Masculina,Frasco,1,
Eudora,Volpe,Body Spray,Body Spray,Unidade,1,"44,9"
Natura,Erva-Doce,,Sabonete Líquido para Mãos,Refil,1,"47,9"
Natura,Solar,,Protetor Solar Facial FPS 30,Frasco,1,
Natura,Fotoequilíbrio,,Protetor Solar Corporal FPS 60,Frasco,1,
Natura,Todo Dia,Macadâmia,Antitranspirante Creme,Frasco,1,
Natura,Todo Dia,Algodão,Antitranspirante Creme,Frasco,1,
Natura,Todo Dia,Algodão,Body Splash,Frasco,0,
Natura,Águas,Lavanda,Desodorante Corporal,Frasco,1,
Natura,Águas,Lavanda,Colônia,Frasco,1,
Natura,Águas,Flor de Laranjeira,Gel Hidratante,Unidade,1,"29,9"
Natura,Águas,Violetas,Colônia,Frasco,1,
Natura,Águas,Jabuticaba,Colônia,Frasco,1,
Natura,Alba Aura,,Creme de Mãos + Sabonetes,Kit,4,
Natura,Aumigos,,Shampoo 5 em 1 Amigos,Frasco,1,
Natura,Aumigos,,Shampoo Pelos Claros,Frasco,2,
Natura,Aumigos,Adultos,Colônia,Frasco,1,
Natura,Kaiak,Aventura Feminino,Creme Banho + Sabonete Líquido,Kit,1,
Natura,Kaiak,Aventura Feminino,Desodorante Corporal + Creme Banho + Deo Corporal,Kit,1,
Natura,Kaiak,Aventura Feminino,Creme Banho + Sabonete Líquido,Kit,1,
Natura,Kaiak,Aventura Feminino,Deo Corporal + Creme Banho + Deo Corporal,Kit,1,
Natura,Biografia,Tradicional Masculino,Perfume Mini,Unidade,1,"209,9"
Natura,Biografia,Tradicional Masculino,Desodorante Corporal,Refil,1,"44,9"
Natura,Biografia,Tradicional Feminino,Perfume + Mini + Creme de Mãos,Kit,1,
Natura,Biografia,Masculino,Perfume Masculino,Unidade,1,
Natura,Biografia,Masculino,Perfume Mini,Unidade,1,
Natura,Biografia,Tradicional Masculino,Desodorante Corporal + Perfume + Sabonete,Kit,1,230
Natura,Biografia,Tradicional Masculino,Perfume + Sabonete Líquido + Desodorante Corporal,Kit,1,230
Natura,Biografia,Encontros,Deo corporal,Frasco,1,
Natura,Biografia,Masculino,Desodorante Corporal Spray,Frasco,1,
Natura,Chronos,,Sabonete em Espuma,Unidade,1,89
Natura,Chronos,,Água Micelar,Unidade,1,82
Natura,Chronos,,Demaquilante Bifásico,Unidade,1,82
Natura,Chronos,,Balm Redutor Rugas Olhos,Unidade,1,109
Natura,Chronos,,Água Micelar Purificante 150ml,Refil,1,65
Natura,Chronos,,Multiprotetor Antissinais FPS 50,Unidade,1,108
Natura,Ekos,Cacau,Sabonete,Caixa c/4,1,"45,9"
Natura,Ekos,Castanha,Hidratante + Creme p/ Mãos + Sabonete Líquido,Kit,1,"99,9"
Natura,Ekos,Maracujá,Hidratante + Colônia + Lata,Kit,1,"234,9"
Natura,Ekos,Andiroba,Hidratante + Sabonete,Kit,1,"89,9"
Natura,Ekos,Ryos,Hidratante,Pote,2,"99,9"
Natura,Ekos,Patauá,Shampoo,Unidade,1,"59,9"
Natura,Ekos,Patauá,Condicionador,Unidade,1,"62,9"
Natura,Ekos,Murumuru,Máscara,Unidade,1,"64,9"
Natura,Ekos,Murumuru,Sérum Capilar,Unidade,1,"79,9"
Natura,Ekos,Castanha,Creme Mãos 75g,Unidade,2,"59,9"
Natura,Ekos,Castanha,Creme Mãos 40g,Unidade,2,"41,9"
Natura,Ekos,Maracujá,Creme Mãos 40g,Unidade,1,"41,9"
Natura,Ekos,Ucuuba,Creme Mãos 40g,Unidade,1,"41,9"
Natura,Ekos,Açaí,Creme Mãos 75g,Unidade,1,"59,9"
Natura,Ekos,Castanha,Sabonete Líquido 250ml,Unidade,1,"69,9"
Natura,Ekos,Tukumã,Polpa Corpo 200ml,Unidade,1,"69,9"
Natura,Ekos,Maracujá,Hidratante,Refil,1,"69,9"
Natura,Ekos,Ryos,Hidratante,Pote,2,"99,9"
Natura,Ekos,Amazô,Sabonete Líquido,Frasco,1,"55,9"
Natura,Ekos,Açaí,Sabonete Líquido Esfoliante,Frasco,1,"55,9"
Natura,Ekos,Cacau,Sabonete + Hidratante,Kit,1,
Natura,Ekos,Castanha,Sabonete + Creme Mãos,Kit,1,
Natura,Ekos,Castanha,Caixa,Caixa,1,
Natura,Ekos,Castanha,Creme para Pés,Frasco,1,
Natura,Ekos,Açaí Frescor,Colônia,Frasco,2,
Natura,Ekos,Pitangas,Pitangueiras com Árvore Sabonetes,Caixa,2,
Natura,Ekos,Andiroba,Hidratante Corporal,Unidade,1,
Natura,Ekos,Açaí,Hidratante Corporal,Unidade,2,
Natura,Ekos,Madeira em Flor,Creme + Colônia Feminina,Kit,1,
Natura,Ekos,Madeira em Flor,Creme + Colônia + Sabonete Barra,Kit,2,
Natura,Ekos,Maracujá,Hidratante Corporal,Frasco,1,
Natura,Ekos,Açaí,Óleo Corporal,Frasco,2,
Natura,Ekos,Amazô,Óleo Corporal,Frasco,1,
Natura,Ekos,Madeira em Flor,Creme + Colônia,Kit,1,
Natura,Ekos,Madeira em Flor,Creme + Colônia + Sabonete Barra,Kit,1,
Natura,Erva-Doce,,Sabonete Cremoso Mãos,Unidade,1,"63,9"
Natura,Essencial,Exclusivo Feminino,Hidratante,Pote,1,"134,9"
Natura,Essencial,Desejos Feminino,Perfume,Unidade,1,"279,9"
Natura,Essencial,Oud Feminino,Perfume,Unidade,1,"279,9"
Natura,Essencial,Exclusivo Masculino,Perfume,Unidade,1,"279,9"
Natura,Essencial,Tradicional Masculino,Perfume + Shampoo + Deo Corporal,Kit,3,"319,9"
Natura,Essencial,Exclusivo Feminino,Hidratante,Pote,1,"134,9"
Natura,Essencial,Exclusivo Feminino,Creme de Mãos + Perfume + Hidratante,Kit,2,
Natura,Essencial,Exclusivo Feminino,Creme de Mãos + Perfume + Hidratante + Perfume para Cabelos,Kit,1,
Natura,Essencial,Tradicional Feminino,Perfume + Hidratante + Sabonete Barra,Kit,2,
Natura,Essencial,Exclusivo Masculino,Perfume + Balm Pós Barba + Creme Barbear,Kit,1,
Natura,Essencial,Desejos Masculino,Perfume,Frasco,1,
Natura,Essencial,Tradicional Masculino,Perfume,Frasco,1,
Natura,Essencial,Sentir Masculino,Perfume,Frasco,1,
Natura,Essencial,Oud Masculino,Perfume,Frasco,1,
Natura,Essencial,Atrai Feminino,Óleo Corporal,,1,
Natura,Essencial,Exclusivo Masculino,Perfume + Balm Pós-Barba + Creme de Barbear,Kit,1,1
Natura,Essencial,Desejos Masculino,Perfume,Frasco,1,
Natura,Essencial,Tradicional Masculino,Perfume,Frasco,1,
Natura,Essencial,Sentir Masculino,Perfume,Frasco,1,
Natura,Essencial,Oud Masculino,Perfume,Frasco,1,
Natura,Essencial,Tradicional masculino,Shampoo + Perfume + Desodorante Corporal,Kit,1,
Natura,Essencial,Tradicional Masculino,Perfume + Balm Pós-Barba + Sabonete,,1,
Natura,Essencial,Exclusivo Masculino,Desodorante Corporal,Refil,2,
Natura,Essencial,Tradicional Feminino,Desodorante Corporal Spray,Frasco,1,
Natura,Essencial,Exclusivo Feminino,Desodorante Corporal Spray,Frasco,1,
Natura,Essencial,Tradicional Masculino,Colônia + Sabonete + Gel Pós-Barba,Kit,1,
Natura,Essencial,Atrai Feminino,Óleo de Massagem,Frasco,1,
Natura,Essencial,Exclusivo Feminino,Desodorante Corporal,Refil,2,"44,9"
Natura,Essencial,Supreme Masculino,Shampoo,Unidade,1,"50,9"
Natura,Faces,,Gel de Limpeza,Unidade,4,"42,9"
Natura,Faces,,Demaquilante Rosto 55ml,Unidade,1,25
Natura,Faces,,Hidratante Matificante,Unidade,1,"50,9"
Natura,Faces,,Secativo Espinhas,Unidade,1,"35,9"
Natura,Faces,Fotoequilíbrio Criança,Protetor Solar,Unidade,1,"69,9"
Natura,Homem,Homem Especiarias,Desodorante Corporal,Unidade,1,"56,9"
Natura,Homem,Sabonete em Barra,Sabonete Barra,Unidade,1,"37,9"
Natura,Homem,Tato Roll-on,Desodorante Roll-on,Unidade,1,"29,9"
Natura,Homem,Tradicional,Shampoo 2 em 1,Unidade,1,"50,9"
Natura,Homem,Tradicional,Shampoo 2 em 1,Frasco,1,"50,9"
Natura,Homem,Tradicional,Sabonete Barra,Unidade,1,"37,9"
Natura,Homem,Tradicional,Perfume,Frasco,2,
Natura,Homem,Elo,Perfume,Frasco,1,
Natura,Homem,Dom,Perfume,Frasco,1,
Natura,Homem,Tradicional,Perfume + Desodorante Corporal,Kit,1,
Natura,Homem,Tradicional,Shampoo + Perfume + Desodorante Corporal,Kit,1,
Natura,Homem,Tradicional,Roll-on + Creme de Barbear,Kit,1,
Natura,Homem,Tradicional,Gel de Barbear + Mini,Kit,1,
Natura,Homem,Tradicional,Perfume + Desodorante Corporal + Sabonete em Barra,Kit,1,
Natura,Homem,Tradicional,Roll-on + Balm Pós-Barba,Kit,1,
Natura,Homem,Tradicional,Gel de Barbear + Balm Pós-Barba + Roll-on,Kit,1,
Natura,Homem,Tradicional,Colônia + 3 Sabonetes + Spray Corporal,Kit,1,
Natura,Homem,Tato,Roll-on Desodorante,Roll-on,1,"29,9"
Natura,Humor,Humor a2,Perfume + Deo Corporal + Shampoo,Kit,4,"189,9"
Natura,Humor,Humor Próprio,Deo Corporal + Geleia Banho + Geleia Hidratante + Colônia,Kit,1,
Natura,Humor,Humor Próprio,Geleia Hidratante + Colônia + Bolsa,Kit,1,
Natura,Humor,Humor Próprio,Deo Corporal + Geleia Banho + Geleia Hidratante + Colônia + Bolsa Necessaire,,1,
Natura,Humor,Humor Próprio,Geleia Hidratante + Colônia,Kit,1,
Natura,Humor,A Rigor,Shampoo + Gel Pós-Barba,Kit,1,
Natura,Humor,Meu primeiro humor,Deo Corporal,Frasco,2,
Natura,Humor,Próprio,Kit Calda Hidratante + Body Splash + Colônia,Kit,1,
Natura,Humor,Próprio,Calda Hidratante + Body Splash + Colônia,Kit,1,
Natura,Ilía,Completo,Perfume,Unidade,1,"199,9"
Natura,Ilía,Florescer,Perfume,Unidade,1,"199,9"
Natura,Ilía,Secreto,Perfume,Unidade,0,"199,9"
Natura,Ilía,Tradicional,Hidratante + Deo Corporal + Deo Perfume,Kit,1,
Natura,Kaiak,Tradicional Feminino,Perfume,Unidade,2,"189,9"
Natura,Kaiak,Extremo,Desodorante Corporal,Masculino,1,"56,9"
Natura,Kaiak,Urbe,Desodorante Corporal,Masculino,1,"56,9"
Natura,Kaiak,O2 Masculino,Desodorante Corporal,Masculino,1,"56,9"
Natura,Kaiak,Urbe,Gel Pós Barba,Gel,1,"49,9"
Natura,Kaiak,Aventura Masculino,Gel 2 em 1 Pré/Pós Barba,Gel,1,"49,9"
Natura,Kaiak,Tradicional Masculino,Kit Perfume + Shower Gel + Garrafa,Kit,2,"249,9"
Natura,Kaiak,Urbe,Kit Gel Banho + Gel 2 em 1 Barba + Perfume,Kit,4,"209,9"
Natura,Kaiak,Tradicional,Kit Creme 2 em 1 Barba + Deo Corporal,Kit,2,"209,9"
Natura,Kaiak,Pulso,Desodorante Roll-on,Unidade,5,"29,9"
Natura,Kaiak,Urbe,Desodorante Roll-on,Unidade,2,"29,9"
Natura,Kaiak,Pulso,Caixa 2 sabonetes,Unidade,2,"28,9"
Natura,Kaiak,O2 Masculino,Perfume,Frasco,1,
Natura,Kaiak,Tradicional Feminino,Aqua Gel + Deo Colônia + Body Splash,Kit,3,
Natura,Kaiak,Tradicional Feminino,Colônia + Sabonete Líquido + Deo Colônia,Kit,1,
Natura,Kaiak,O2 Masculino,Perfume,Frasco,1,
Natura,Kaiak,Aventura Masculino,Sabonete + Perfume + Desodorante Corporal,Kit,1,
Natura,Kaiak,Tradicional Masculino,Perfume Mini + Sabonete + Gel Barba 2 em 1,Kit,1,
Natura,Kaiak,Tradicional Masculino,Desodorante Corporal + Creme Barba 2 em 1 + Perfume,Kit,1,
Natura,Kaiak,Tradicional Masculino,Perfume Mini + Shampoo,Kit,1,
Natura,Kaiak,Tradicional Masculino,Perfume + Desodorante Corporal + Creme 2 em 1 Barba,Kit,1,
Natura,Kaiak,Urbe,Gel de Barbear 2 em 1 + Gel de Banho,Kit,0,"69,9"
Natura,Kaiak,Feminino,Roll-on,Unidade,1,
Natura,Kaiak,Feminino,Refil,Unidade,1,
Natura,Kaiak,Aventura Feminino,Desodorante Roll-on,Frasco,1,
Natura,Kaiak,Aero,Desodorante Roll-on,Refil,1,
Natura,Kaiak,Pulso,Desodorante Corporal Spray,Frasco,1,
Natura,Kaiak,Aventura Masculina,Colônia,Frasco,2,
Natura,Kaiak,Tradicional,Desodorante Roll-on,Frasco,2,
Natura,Kaiak,Tradicional Feminino,Kit Creme + Sabonete Líquido + Deo Corporal,Kit,1,
Natura,Kaiak,Tradicional Feminino,Aqua Gel + Deo Colônia + Body Splash,Kit,3,
Natura,Kaiak,Tradicional Feminino,Colônia + Sabonete Líquido + Deo Colônia,Kit,1,
Natura,Kaiak,Pulso,Roll-on Desodorante,Roll-on,5,"29,9"
Natura,Kaiak,Pulso,Sabonete em barra 2 und,Frasco,2,"28,9"
Natura,Kaiak,Urbe,Roll-on Desodorante,Roll-on,2,"29,9"
Natura,Kriska,Jeans,Perfume,Frasco,1,
Natura,Lumina,Nutrição e Reparação Profunda,Máscara,Unidade,1,"79,9"
Natura,Lumina,Nutrição e Reparação Profunda,Shampoo,Unidade,1,"52,9"
Natura,Lumina,Nutrição e Reparação Profunda,Condicionador,Unidade,1,"55,9"
Natura,Lumina,Nutrição e Reparação Profunda,Creme Pentear,Unidade,1,"58,9"
Natura,Lumina,Nutrição e Reparação Profunda,Máscara,Refil,1,"59,9"
Natura,Lumina,Nutrição e Reparação Profunda,Shampoo,Refil,1,"38,9"
Natura,Lumina,Nutrição e Reparação Profunda,Condicionador,Refil,1,"41,9"
Natura,Lumina,Nutrição e Reparação Profunda,Creme Pentear,Refil,1,"44,9"
Natura,Lumina,Força e Reparação Molecular,Máscara,Unidade,1,"79,9"
Natura,Lumina,Força e Reparação Molecular,Shampoo,Unidade,1,"52,9"
Natura,Lumina,Força e Reparação Molecular,Condicionador,Unidade,1,"55,9"
Natura,Lumina,Cabelos Cacheados,Máscara,Unidade,1,"79,9"
Natura,Lumina,Cabelos Crespos,Creme Pentear,Refil,1,"44,9"
Natura,Lumina,Definição Intensa,Gelatina,Unidade,2,"58,9"
Natura,Lumina,Definição e Hidratação,Creme Pentear,Unidade,1,"58,9"
Natura,Lumina,Anti Queda e Crescimento,Shampoo,Unidade,1,"56,9"
Natura,Lumina,Anti Queda e Crescimento,Condicionador,Unidade,1,"59,9"
Natura,Lumina,Essência Sublime,Perfume Capilar,Unidade,1,"79,9"
Natura,Lumina,Lumina,Protetor Térmico,Unidade,1,"79,9"
Natura,Luna,Tradicional,Perfume,Unidade,0,"185,9"
Natura,Luna,Radiante,Hidratante,Unidade,1,"95,9"
Natura,Luna,Tradicional,Hidratante 200ml,Unidade,1,"65,9"
Natura,Luna,Radiante,Perfume + Óleo Corporal,Kit,1,
Natura,Luna,Tradicional,Creme Mãos + Desodorante Iluminador + Sabonete Barra + Colônia,Kit,1,
Natura,Luna,Tradicional,Colônia + Hidratante,Kit,2,
Natura,Luna,Tradicional,Creme Mãos + Desodorante Iluminador + Sabonete Barra + Colônia,Kit,1,
Natura,Luna,Tradicional,Colônia + Hidratante,Kit,2,
Natura,Luna,Girl,Hidratante + colonia 25ml,Kit,1,
Natura,Luna,Tradicional,Roll-on,Unidade,2,
Natura,Luna,Fascinante,Desodarante corporal,Frasco,1,
Natura,Luna,Radiante,Desodarante corporal,Frasco,1,
Natura,Luna,Blush,Deo Parfum,Frasco,1,
Natura,Luna,,Creme Hidratante Corporal,Frasco,1,
Natura,Luna,,Desodorante Roll-on,Frasco,1,
Natura,Luna,Intenso,Hidratante Iluminador + Deo Perfume,Kit,1,
Natura,Luna,Intenso,Hidratante Iluminador + Deo Perfume,Kit,1,
Natura,Mamãe e Bebê,,Hidratante,Refil,5,"54,2"
Natura,Mamãe e Bebê,,Sabonete Líquido,Frasco,3,"52,9"
Natura,Mamãe e Bebê,,Shampoo,Frasco,2,"45,9"
Natura,Mamãe e Bebê,,Condicionador,Frasco,5,"45,9"
Natura,Mamãe e Bebê,Papai e Bebê,Colônia,kit 2 Frasco 50 ml,1,99
Natura,Mamãe e Bebê,,Lenço Umedecido,Lenço,5,"36,9"
Natura,Mamãe e Bebê,,Sabonete Barra,2 Unidades,5,"25,9"
Natura,Mamãe e Bebê,,Sabonete Barra,5 unidades,2,"51,9"
Natura,Mamãe e Bebê,,Sabonete Líquido,Frasco 100 ml,4,"29,9"
Natura,Mamãe e Bebê,,Óleo Gestante,Frasco,1,99
Natura,Mamãe e Bebê,Flor de Laranjeira,Hidratante Corporal,Frasco,1,"69,9"
Natura,Mamãe e Bebê,Flor de Laranjeira c saboneteira,Sabonete Barra,Barra,6,"29,9"
Natura,Mamãe e Bebê,Cachos e Crespos,Shampoo,Frasco,1,"45,9"
Natura,Mamãe e Bebê,Cachos e Crespos,Condicionador,Frasco,1,"45,9"
Natura,Mamãe e Bebê,,Mini Sabonetes Barra,Kit,2,"29,9"
Natura,Mamãe e Bebê,,Óleo de Massagem Bebê,Frasco,3,"63,9"
Natura,Mamãe e Bebê,,Hidratante Corporal,Frasco 200 ml,4,"69,9"
Natura,Mamãe e Bebê,,Sabonete Líquido,Frasco 200 ml,3,"52,9"
Natura,Mamãe e Bebê,,Shampoo,Frasco 200 ml,4,"45,9"
Natura,Mamãe e Bebê,,Condicionador,Frasco 200 ml,5,"45,9"
Natura,Mamãe e Bebê,,Kit Sacolinha Sabonete Líquido + Creme Assadura + Colônia,Kit,2,"169,9"
Natura,Mamãe e Bebê,,lenco umedecido + Sabonete + Bolsa + Água de Colônia,Kit,2,"279,9"
Natura,Mamãe e Bebê,,Lenço + Bolsa + Shampoo + Condicionador + Colônia + Óleo Massagem + Sabonete Barra,Kit,1,"495,9"
Natura,Mamãe e Bebê,,Colônia + Sabonete Líquido + Creme Assadura + lenco,Kit,1,199
Natura,Mamãe e Bebê,,lenco+ Colônia + Sabonete Líquido + Bolsinha,Kit,1,185
Natura,Mamãe e Bebê,,Sabonete Líquido 50ml + Colônia 50ml + Necessaire + hidratante MINIS,Kit,1,"132,9"
Natura,Mamãe e Bebê,,Shampoo Crespo + Condicionador + creme de pentear,Kit,1,"139,9"
Natura,Mamãe e Bebê,,Hidratante,Refil,5,54
Natura,Mamãe e Bebê,,Sabonete liquido,Refil,3,"39,9"
Natura,Mamãe e Bebê,,Shampoo,Refil,1,"36,7"
Natura,Mamãe e Bebê,,Condicionador,Refil,3,"36,7"
Natura,Mamãe e Bebê,,Sabonete Líquido Infantil,Frasco,1,
Natura,Mamãe e Bebê,,Colônia + Hidratante + 2 Sabonetes,Kit,1,
Natura,Mamãe e Bebê,,Colônia+ lenco 16 und + sabonete 2 und,Kit,1,"119,9"
Natura,Todo Dia,Ameixa & Flor de Baunilha,Body Splash,Frasco,1,
Natura,Naturé,,Shampoo + Sabonete Líquido + Caixa,Kit,1,
Natura,Naturé,Lisos e Ondulados (Azul Claro),Shampoo,Frasco,2,
Natura,Naturé,Lisos e Ondulados (Azul Claro),Condicionador,Frasco,2,
Natura,Naturé,Cabelinhos no Sol (Verde Água),Shampoo,Frasco,1,
Natura,Naturé,Cabelinhos no Sol (Verde Água),Condicionador,Frasco,1,
Natura,Naturé,Azul Escuro,Sabonete Líquido Infantil,Frasco,3,
Natura,Naturé,Cacheados e Crespos (Verde Escuro),Shampoo,Frasco,2,
Natura,Naturé,Cacheados e Crespos (Verde Escuro),Condicionador,Frasco,2,
Natura,Naturé,Magenta,Creme de pentear,Frasco,3,
Natura,Naturé,Magenta,Creme de pentear,Refil,1,
Natura,Naturé,Cabelinhos no Sol (Verde Água),Spray Desembaraçante,Frasco,1,
Natura,Naturé,,Saboneteira,Acessório,1,
Natura,Naturé,Verde Escuro,Sabonete barra,Caixa 4 unidades,1,
Natura,Naturé,Azul Escuro,Sabonete barra,3 unidades,1,
Natura,Naturé,Verde,Sabonete barra,3 unidades,1,
Natura,Naturé,Marrom,Sabonete barra,5 unidades,1,
Natura,Naturé,Festa no Mar,Sabonete barra,3 unidades,1,
Natura,Naturé,Cata Vento,Colonia,Frasco,1,
Natura,Naturé,Pique Pega,Colonia,Frasco,1,
Natura,Naturé,Subindo na Árvore,Colonia,Frasco,1,
Natura,Naturé,Babacu e Pantenol (Vermelho),Hidratante corporal,,1,
Natura,Naturé,Magenta,Creme pentear cachos,Refil,1,
Natura,Naturé,Azul Escuro,Refil Sabonete Líquido,Refil,1,
Natura,Red,Red,Refil Hidratante Corporal,Refil,1,
Natura,Seve,Amêndoas Doces,Óleo Corporal,Frasco 100ml,1,
Natura,Seve,Pimenta Rosa,Óleo Corporal,Frasco 200ml,1,
Natura,Seve,Amêndoas Doces,Hidratante + Óleo Corporal + Sabonete Barra,Kit,1,
Natura,Seve,Amêndoas Doces,Óleo Corporal,Hidratante Corporal,1,
Natura,Seve,Pimenta Rosa,Óleo Corporal,Hidratante Corporal,1,
Natura,Seve,Amêndoas Doces,Hidratante + Óleo Corporal + Sabonete Barra,Kit,1,
Natura,Seve,Pimenta Rosa,Óleo Corporal,Frasco 100ml,1,
Natura,Solar,,Protetor Solar Facial Pele Normal/Seca,Unidade,1,"109,9"
Natura,Solar,,Protetor Solar Facial Pele Mista/Oleosa,Unidade,1,"99,9"
Natura,Todo Dia,Ameixa & Flor de Baunilha,Body Splash + Creme Mãos + hidratante,Kit,1,180
Natura,Todo Dia,Ameixa & Flor de Baunilha,hidratante + sabonete liquido em gel,Kit,1,"114,9"
Natura,Sr. N,,Gel Pós-Barba + Perfume + Sabonete,Kit,1,
Natura,Todo Dia,Alecrim e Sálvia,Sabonete,Caixa c/5,5,"34,9"
Natura,Todo Dia,Macadâmia,Sabonete,Caixa c/5,3,"34,9"
Natura,Todo Dia,Jabuticaba Vegetal,Sabonete,Caixa c/5,3,"34,9"
Natura,Todo Dia,Amora e Flor de Pêssego,Sabonete,Caixa c/5,2,"34,9"
Natura,Todo Dia,Chá de Camomila e Lavanda,Sabonete,Caixa c/5,2,"34,9"
Natura,Todo Dia,Ameixa e Flor de Baunilha,Sabonete,Caixa c/5,1,"34,9"
Natura,Todo Dia,Tâmara e Canela,Sabonete,Caixa c/5,1,"34,9"
Natura,Todo Dia,Romã e Flor de Amora,Sabonete,Caixa c/5,4,"34,9"
Natura,Todo Dia,Cereja e Avelã,Sabonete,Caixa c/5,1,"34,9"
Natura,Todo Dia,Celebre a Vida,Sabonete,Caixa c/5,3,"34,9"
Natura,Todo Dia,Com Carinho,Sabonete,Caixa c/5,3,"34,9"
Natura,Todo Dia,Boas Vibrações (redondo verde),Sabonete,Caixa c/6,1,"42,9"
Natura,Todo Dia,Frutas Vermelhas,Sabonete,Caixa c/6,2,"42,9"
Natura,Todo Dia,Caixa quadrada grande (corações na caixa),Sabonete,Caixa c/4,1,45
Natura,Todo Dia,Cereja e Avelã,Sabonete,Caixa c/2,1,"18,9"
Natura,Todo Dia,Macadâmia,Hidratante + Body Splash,Kit,1,180
Natura,Todo Dia,Algodão,Hidratante + Body Splash ,Kit,0,180
Natura,Todo Dia,Flor de Pêssego,Hidratante + Body Splash + Creme p/ Maos + Sabonete,Kit,1,180
Natura,Todo Dia,Flor de Pêssego,Hidratante + Creme p/ Mãos + Sabonete + Body Splash + Nécessaire,Kit,1,"229,9"
Natura,Todo Dia,Maçã Caramelada,Hidratante + Body Splash + 5 Sabonetes,Kit,1,180
Natura,Todo Dia,Algodão,Sabonete + Hidratante 200ml,Kit,1,"74,9"
Natura,Todo Dia,Cereja e Avelã,Hidratante de pote + Creme p/ Mãos + 2 Sabonetes,Kit,1,"89,9"
Natura,Todo Dia,Ameixa e Flor de Baunilha,Hidratante + Body Splash + Creme p/ Mãos,Kit,1,180
Natura,Todo Dia,Limão Siciliano e Flor de Gardênia,Hidratante + Body Splash,Kit,1,"149,9"
Natura,Todo Dia,Macadâmia,Hidratante + Body Splash,Kit,1,"149,9"
Natura,Todo Dia,Framboesa e Pimenta,Hidratante + Body Splash,Kit,1,"149,9"
Natura,Todo Dia,Noz Pecã e Cacau,Hidratante + 2 Sabonetes,Kit,1,"89,9"
Natura,Todo Dia,Noz Pecã e Cacau,Hidratante + Sabonete Líquido,Kit,1,"114,9"
Natura,Todo Dia,Flor de Pera e Melissa,Hidratante + Sabonete Líquido,Kit,1,"114,9"
Natura,Todo Dia,Cereja e Avelã,Hidratante 200ml + Creme p/ Mãos + Creme p/ Pés + Nécessaire,Kit,1,"149,9"
Natura,Todo Dia,Chá de Camomila e Lavanda,Hidratante,Pote,1,"78,9"
Natura,Todo Dia,Amora Vermelha e Jabuticaba,Hidratante,Pote,2,"78,9"
Natura,Todo Dia,Cereja e Avelã,Hidratante,Pote,5,"78,9"
Natura,Todo Dia,Tâmara e Canela,Hidratante,Pote,1,"78,9"
Natura,Todo Dia,Limão Siciliano e Flor de Gardênia,Hidratante,Pote,1,"78,9"
Natura,Todo Dia,Manga Rosa e Água de Coco,Hidratante,Pote,2,"78,9"
Natura,Todo Dia,Capim Limão e Hortelã,Hidratante,Pote,1,"78,9"
Natura,Todo Dia,Macadâmia,Hidratante,Pote,2,"78,9"
Natura,Todo Dia,Ameixa e Flor de Baunilha,Hidratante,Pote,1,"78,9"
Natura,Todo Dia,Cereja e Avelã,Hidratante,Pote,7,"78,9"
Natura,Todo Dia,Cereja Negra e Praliné,Hidratante,Pote,2,"78,9"
Natura,Todo Dia,Macadâmia,Hidratante,Pote,3,"78,9"
Natura,Todo Dia,Flor de Pera e Melissa,Hidratante,Pote,1,"78,9"
Natura,Todo Dia,Amora Vermelha e Jabuticaba,Hidratante,Pote,1,"78,9"
Natura,Todo Dia,Manga Rosa e Água de Coco,Hidratante,Pote,1,"78,9"
Natura,Todo Dia,Amora e Óleo de Coco,Gelatina p/ Cachos,Unidade,1,"39,9"
Natura,Todo Dia,Amora e Óleo de Coco,Shampoo,Unidade,1,"35,9"
Natura,Todo Dia,Amora e Óleo de Coco,Condicionador,Unidade,1,"37,9"
Natura,Todo Dia,Amora e Óleo de Coco,Creme Pentear,Unidade,1,"39,9"
Natura,Todo Dia,Amora e Óleo de Coco,Spray Reativador,Unidade,1,"45,9"
Natura,Todo Dia,Maçã Verde e Aloe Vera,Máscara,Unidade,1,"49,9"
Natura,Todo Dia,Maçã Verde e Aloe Vera,Shampoo,Unidade,2,"35,9"
Natura,Todo Dia,Maçã Verde e Aloe Vera,Condicionador,Unidade,2,"37,9"
Natura,Todo Dia,Maçã Verde e Aloe Vera,Spray Hidratante,Unidade,1,"45,9"
Natura,Todo Dia,Pêssego e Amêndoa,Máscara,Unidade,2,"49,9"
Natura,Todo Dia,Pêssego e Amêndoa,Shampoo,Unidade,1,"35,9"
Natura,Todo Dia,Pêssego e Amêndoa,Condicionador,Unidade,1,"37,9"
Natura,Todo Dia,Flor de Cereja e Abacate,Máscara,Unidade,1,"49,9"
Natura,Todo Dia,Flor de Ameixa,Essencia p/ Cabelos,Unidade,1,"49,9"
Natura,Todo Dia,Flor de Cereja e Abacate,Shampoo,Refil,1,"27,9"
Natura,Todo Dia,Flor de Cereja e Abacate,Condicionador,Refil,2,"28,9"
Natura,Todo Dia,Flor de Cereja e Abacate,Creme Pentear,Refil,1,"27,9"
Natura,Todo Dia,Maçã Verde e Aloe Vera,Shampoo,Refil,1,"27,9"
Natura,Todo Dia,Maçã Verde e Aloe Vera,Condicionador,Refil,1,"28,9"
Natura,Todo Dia,Maçã Verde e Aloe Vera,Máscara,Refil,1,"37,9"
Natura,Todo Dia,Pessego e Amendoa,Shampoo,Refil,1,"27,9"
Natura,Todo Dia,Pessego e Amendoa,Condicionador,Refil,1,"28,9"
Natura,Todo Dia,Pessego e Amendoa,Máscara,Refil,1,"37,9"
Natura,Todo Dia,Carambola e Mandarina,Creme Mãos,Unidade,1,"39,9"
Natura,Todo Dia,Algodão,Creme Mãos,Unidade,1,"39,9"
Natura,Todo Dia,Noz Pecan & Cacau,Roll-on,Unidade,3,
Natura,Todo Dia,Erva Doce,Roll-on,Unidade,1,
Natura,Todo Dia,Invisível Sem Perfume,Roll-on,Unidade,5,
Natura,Todo Dia,Leite de Algodão,Roll-on,Unidade,2,
Natura,Todo Dia,Flor de Lis,Roll-on,Unidade,1,
Natura,Todo Dia,Tradicional,Hidratante Corporal,Frasco,3,
Natura,Todo Dia,Algodão,Hidratante Corporal,Frasco,2,
Natura,Todo Dia,Maracujá,Hidratante Corporal,Frasco,1,
Natura,Todo Dia,Noz Pecan,Desodorante Anticreme,Frasco,1,
Natura,Todo Dia,Macadâmia,Desodorante Anticreme,Frasco,1,
Natura,Todo Dia,Amora & Flor de Pêssego,Sabonete em Barra,Caixa 5 unidades,1,
Natura,Todo Dia,Cereja Negra,Sabonete em Barra,Caixa 5 unidades,1,
Natura,Todo Dia,Sortidos,Sabonete em Barra,Caixa 5 unidades,3,
Natura,Todo Dia,Manga Rosa,Sabonete em Barra,Caixa 5 unidades,1,
Natura,Todo Dia,Tâmara & Canela,Sabonete em Barra,Caixa 5 unidades,1,
Natura,Todo Dia,Ameixa & Flor de Baunilha,Sabonete em Barra,Caixa 5 unidades,1,
Natura,Todo Dia,Erva Doce,Desodorante Roll-on,Frasco,1,
Natura,Todo Dia,Amêndoas Doces,Óleo Corporal,Frasco 200ml,1,
Natura,Todo Dia,Castanha,Hidratante Corporal,Frasco 400ml,1,
Natura,Todo Dia,Limão,Hidratante Corporal,Frasco 400ml,1,
Natura,Todo Dia,Framboesa & Pimenta Rosa,Hidratante Corporal,Frasco 400ml,1,
Natura,Todo Dia,Noz Pecan & Cacau,Hidratante Corporal,Frasco 400ml,1,
Natura,Todo Dia,Sortidas caixa coração pequena,Sabonete em Barra,Caixa 6 unidades,1,
Natura,Todo Dia,Algodão,Hidratante Corporal,Frasco,1,
Natura,Todo Dia,Macadâmia,Antitranspirante Creme,Frasco,1,
Natura,Todo Dia,Noz Pecan,Antitranspirante Creme,Frasco,1,
Natura,Todo Dia,Algodão,Hidratante Corporal,Frasco 400ml,2,
Natura,Todo Dia,Algodão,Desodorante Roll-on,Frasco,3,
Natura,Todo Dia,Ameixa & Flor de Baunilha,Hidratante Corporal,Frasco,2,
Natura,Todo Dia,Nuvem,Creme para Mãos,Tubo,1,
Natura,Todo Dia,Ameixa e Flor de Baunilha,Body Splash,Frasco,1,
Natura,Tododia,Jambo Rosa e Flor de Caju,Esfoliante,Unidade,1,"50,9"
Natura,Tododia,Ameixa e Baunilha,Sabonete Gel,Unidade,1,"50,9"
Natura,Tododia,Ameixa e Baunilha,Refil Sabonete,Refil,1,"38,4"
Natura,Tododia,Amora e Jabuticaba,Creme Corpo 200ml,Unidade,1,"56,9"
Natura,Tododia,Avelã e Cassis,Creme Corpo 200ml,Unidade,1,"56,9"
Natura,Tododia,Ameixa,Refil Sabonete Líquido,Unidade,2,"38,4"
Natura,TodoDia,Chá de Camomila e Lavanda,Spray Ambiente,Kit,1,
Natura,TodoDia,Chá de Camomila e Lavanda,Sabonete Barra + Body Splash + Creme Pés,Kit,1,
Natura,TodoDia,Macadâmia,Creme Corporal + Esfoliante,Kit,1,
Natura,TodoDia,Capim Limão e Hortelã,Creme Corporal + Sabonete + Esfoliante,Kit,1,
Natura,TodoDia,Ameixa e Flor de Baunilha,Sabonete Líquido + Gel + Creme Corporal,Kit,2,
Natura,TodoDia,Ameixa e Flor de Baunilha,Óleo Bifásico + Sabonete Barra,Kit,1,
Natura,TodoDia,Framboesa e Pimenta Vermelha,Body Splash + Creme Corporal,Kit,1,
Natura,TodoDia,Ameixa e Flor de Baunilha,Body Splash,Frasco,1,
Natura,TodoDia,Sabonete Íntimo Suave Conforto,Higiene Íntima,Frasco,1,
Natura,Tododia,Tâmara & Canela,Hidratante Corporal,Refil,1,
Natura,Tododia,Acerola e Hibisco,Hidratante Corporal,Refil,1,
Natura,UNA,Artisan,Perfume,Unidade,2,"319,9"
Natura,UNA,Artisan,Cabelo Perfume,Unidade,1,"79,9"
Natura,UNA,Senses,Creme de Mãos + Perfume + Sabonete Líquido,Kit,1,
Natura,UNA,Tradicional,Eau de Parfum + Hidratante,Kit,2,
Natura,UNA,Blush,Colônia Feminina,Frasco,1,
Natura,Kaiak,Urbe,Desodorante Roll-on,Frasco,4,
Natura,Crer pra Ver,,Saboneteira,Unidade,1,"26,9"
O Boticário,214,Verano en Firenze,Perfume,Unidade,1,"239,9"
O Boticário,214,Golden Gardênia,Colônia + Hidratante,Kit,1,
O Boticário,214,,Sabonete em Barra,Caixa 5 unidades,1,
O Boticário,214,Dark Mint,Colônia Masculina,Frasco,1,
O Boticário,214,Golden Gardênia ,Colônia + Hidratante,Kit,1,
O Boticário,Accordes,Harmonia,Colônia Feminina,Frasco,1,
O Boticário,Acordes,Tradicional,Perfume,Unidade,1,"244,9"
O Boticário,Acordes,Harmonia,Perfume,Unidade,1,"244,9"
O Boticário,Arbo,Tradicional,Aerosol,Unidade,2,"39,9"
O Boticário,Arbo,Reserva, Refil Colônia,Refil,1,"129,9"
O Boticário,Arbo,Tradicional,Aerosol Desodorante,Aerosol,2,"39,9"
O Boticário,Arbo,Arbo,Perfume Masculino,Frasco,1,
O Boticário,Arbo,Botanic,Body Spray,Refil,1,"37,9"
O Boticário,Arbo,Botanic,Body Spray,Refil,1,"37,9"
O Boticário,Arbo,Reserva,Colonia,Refil,1,"129,9"
O Boticário,Boti Baby,Suave,Condicionador Infantil,Frasco,1,
O Boticário,Boti Baby,Glicerina,Sabonete Líquido Infantil,Frasco 200ml,4,
O Boticário,Boti Baby,Suave,Loção Banho e Pós-Banho Infantil,Frasco 200ml,3,
O Boticário,Boti Baby,Suave,Condicionador Infantil,Frasco 200ml,4,
O Boticário,Boti Baby,Castanho,Shampoo Infantil,Frasco 200ml,4,
O Boticário,Boti Baby,Suave,Sabonete Líquido + Loção Banho + Colônia,Kit,2,
O Boticário,Boti Baby,Lua,Loção Banho e Pós-Banho Infantil,Frasco,1,
O Boticário,Boti Baby,Lua,Colônia Infantil,Frasco,1,
O Boticário,Boti Baby,,Loção Banho e Pós-Banho Infantil,Refil,3,
O Boticário,Boti Baby,Glicerina,Sabonete Líquido Infantil,Refil,4,
O Boticário,Boti Baby,,Shampoo Infantil,Refil,1,
O Boticário,Boti Baby,,Loção Banho e Pós-Banho Infantil,Frasco,2,
O Boticário,Boti Baby,Glicerina,Sabonete Líquido Infantil,Frasco,2,
O Boticário,Boti Baby,Suave,Shampoo Infantil,Frasco,1,
O Boticário,Boti Baby,,Shampoo Infantil,Frasco 200ml,1,
O Boticário,Boti Baby,,Condicionador Infantil,Frasco 200ml,1,
O Boticário,Boti Baby,Sol,Colônia Infantil,Frasco,1,
O Boticário,Boti Baby,,Loção Banho Infantil,Frasco,1,
O Boticário,Boti Sun,,Protetor Solar Corporal FPS 70 (Gel-Creme),Frasco,1,
O Boticário,Boti Sun,,Protetor Solar Facial FPS 70,Frasco,1,
O Boticário,Boti Sun,,Protetor Solar Corporal Gel Creme FPS 50,Unidade,2,"79,9"
O Boticário,Boti Sun,,Protetor Solar Fluido Aquoso FPS 50,Unidade,1,"109,9"
O Boticário,Boti Sun,,Pós-Sol Gel,Frasco,1,
O Boticário,Boti Sun,,Protetor Solar Corporal FPS 70,Frasco,1,
O Boticário,Boti Sun,,Protetor Solar Facial FPS 70,Frasco,1,
O Boticário,Boti Sun,,Protetor Solar Corporal FPS 70 Gel,Frasco,1,
O Boticário,Boti Sun,,Protetor Solar Facial FPS 50 Pele Oleosa,Frasco,1,
O Boticário,Boti Sun,,Protetor Solar Facial FPS 50 Pele Normal,Frasco,1,
O Boticário,Boti Sun,,Protetor Solar FPS 70,Frasco,2,
O Boticário,Boti Sun,,Pós-Sol Gel,Frasco,1,
O Boticário,Botik,,Gel de Limpeza Vitamina C,Unidade,1,"84,9"
O Boticário,Botik,,Gel de limpeza Ácido Mandélico,Unidade,1,"72,9"
O Boticário,Casa 214,Brisa de Cedros,Sabonete Líquido,Unidade,1,"119,9"
O Boticário,Celebre,Sua Força,Colônia,Refil,1,"82,9"
O Boticário,Celebre,Celebre Agora ,Colônia + Shower Gel,Kit,1,
O Boticário,Celebre,Sua Força,Perfume Masculino,Frasco,2,
O Boticário,Celebre,Sua Força,Perfume Masculino,Frasco,2,
O Boticário,Celebre,Sua Força,Colônia Masculina,Frasco,1,
O Boticário,Celebre,Sua Força,Colônia Masculina,Frasco,1,
O Boticário,Clash,Tradicional ,Sabonete + Hidratante,Kit,2,"179,9"
O Boticário,Clash,,Sabonete Barra,caixa c/2,1,"29,9"
O Boticário,Clash,,Clash Colônia + Creme Pré/Pós Barba,Kit,1,
O Boticário,Clash,,Perfume Masculino,Frasco,1,
O Boticário,Clash,,Sabonete em Barra,Caixa 2 unidades,1,
O Boticário,Clash,,Hidratante,Frasco 200ml,1,
O Boticário,Club 6,Voyage ,Colônia + Aerosol,Kit,1,
O Boticário,Club 6,Tradicional,Body Splash + Hidratante,Kit,3,
O Boticário,Coffee,Addictive,Perfume,Frasco,1,
O Boticário,Coffee Man,Duo ,Colônia + Body Spray,Kit,1,
O Boticário,Coffee woman,Seduction,Colônia + Hidratante + Sabonete Líquido,Kit,4,"229,9"
O Boticário,Connection,,Body Spray,Unidade,1,"49,9"
O Boticário,Connection,,Perfumaria,Frasco,1,"49,9"
O Boticário,Cuide-se Bem,Biscoito ou Bolacha, Sabonete Líquido Calda de Chocolate,Frasco,1,"29,9"
O Boticário,Cuide-se Bem,Deleite Chocolatudo ,Hidratante,Frasco 400ml,1,
O Boticário,Cuide-se Bem,Nuvem de Alegria,Sabonete,Caixa c/4,1,"36,9"
O Boticário,Cuide-se Bem,Boa Noite,Sabonete,Caixa c/4,1,"36,9"
O Boticário,Cuide-se Bem,Rosa e Algodão,Sabonete,Caixa c/4,2,"36,9"
O Boticário,Cuide-se Bem,Sortidos,Sabonete,Caixa c/4,3,"36,9"
O Boticário,Cuide-se Bem,Pessegura,Sabonete,Caixa c/4,3,"36,9"
O Boticário,Cuide-se Bem,Deleite,Hidratante + 4 Sabonetes,Kit,1,"84,9"
O Boticário,Cuide-se Bem,Nuvem,Hidratante,Pote,3,"74,9"
O Boticário,Cuide-se Bem,Cereja Livre,Hidratante,Pote,2,"74,9"
O Boticário,Cuide-se Bem,Algodão Doce,Hidratante,Pote,1,"74,9"
O Boticário,Cuide-se Bem,Deleite,Hidratante,Pote,2,"74,9"
O Boticário,Cuide-se Bem,Pessegura,Hidratante,Pote,1,"74,9"
O Boticário,Cuide-se Bem,Deleite,Hidratante,Refil,10,"59,9"
O Boticário,Cuide-se Bem,Boa Noite,Hidratante,Refil,3,"59,9"
O Boticário,Cuide-se Bem,Beijinho,Hidratante,Refil,3,"59,9"
O Boticário,Cuide-se Bem,Nuvem Cloud,Hidratante,Refil,1,"59,9"
O Boticário,Cuide-se Bem,Nuvem Cloud,Máscara,Unidade,1,"54,9"
O Boticário,Cuide-se Bem,Nutrição e Brilho Manga,Condicionador,Unidade,1,"29,9"
O Boticário,Cuide-se Bem,Hidratação Abacaxi,Shampoo,Unidade,1,"25,9"
O Boticário,Cuide-se Bem,Beijinho ,Condicionador,Unidade,2,"36,9"
O Boticário,Cuide-se Bem,Banana,Hidratante Capilar - Condicionador,Unidade,1,"29,9"
O Boticário,Cuide-se Bem,Banana,Shampoo,Unidade,1,"25,9"
O Boticário,Cuide-se Bem,Nuvem Cloud,Creme Mãos,Refil,1,10
O Boticário,Cuide-se Bem,Rosa e Algodão,Hidratante Mãos,Unidade,1,"36,9"
O Boticário,Cuide-se Bem,Rosa e Algodão,Hidratante Mãos Caixa,Unidade,1,"48,9"
O Boticário,Cuide-se Bem,Zero Alumínio,Desodorante Roll-on,Unidade,2,"27,9"
O Boticário,Cuide-se Bem,Invisible Protect,Desodorante Roll-on,Unidade,2,"27,9"
O Boticário,Cuide-se Bem,Sem Perfume,Creme,Unidade,2,"34,9"
O Boticário,Cuide-se Bem,Zero Alumínio,Aerosol,Unidade,1,"39,9"
O Boticário,Cuide-se Bem,Invisible Protect,Aerosol,Unidade,1,"37,9"
O Boticário,Cuide-se Bem,Deleite,Body Splash + Sabonete Líquido + Hidratante 200ml + Creme Mãos,Kit,2,"144,9"
O Boticário,Cuide-se Bem,Deleite,Mini Body Splash + Creme Mãos,Kit,5,"69,9"
O Boticário,Cuide-se Bem,Pessegura ,Máscara de Bumbum,Pote,1,"77,9"
O Boticário,Cuide-se Bem,Pessegura ,Esfoliante de Bumbum,Pote,1,"77,9"
O Boticário,Cuide-se Bem,Nuvem Alegria ,Sabonete Líquido,Frasco,2,"39,9"
O Boticário,Cuide-se Bem,Pessegura ,Body Splash + Sabonete,Kit,1,
O Boticário,Cuide-se Bem,Pessegura,Hidratante Depilatório,Frasco,1,
O Boticário,Cuide-se Bem,Cereja Livre,Spray Íntimo,Spray,1,
O Boticário,Cuide-se Bem,Bob Esponja,Body Splash,Frasco,1,
O Boticário,Cuide-se Bem,Bob Esponja,Hidratante,Frasco,1,
O Boticário,Cuide-se Bem,Bob Esponja,Geleia Desodorante,Frasco,2,
O Boticário,Cuide-se Bem,Bob Esponja,Sabonete Líquido,Frasco,2,
O Boticário,Cuide-se Bem,Rosa e Algodão,Aerosol,Frasco 125ml,1,
O Boticário,Cuide-se Bem,Protect & Beauty,Aerosol,Frasco,1,
O Boticário,Cuide-se Bem,Boa noite,Refil Hidratante,Refil,1,
O Boticário,Cuide-se Bem,Deleite,Refil Hidratante,Refil,1,
O Boticário,Cuide-se Bem,Algodão & Jasmim,Refil Hidratante,Refil,1,
O Boticário,Cuide-se Bem,Amoruda,Body Splash,Frasco,1,
O Boticário,Cuide-se Bem,Pessegura,Hidratante 200ml + 2 Sabonetes,Kit,1,
O Boticário,Cuide-se Bem,Nuvem,Sabonete em Barra,Caixa 4 unidades,2,
O Boticário,Cuide-se Bem,Sortidos,Sabonete em Barra,Caixa 4 unidades,1,
O Boticário,Cuide-se Bem,De leite,Hidratante,Frasco,2,
O Boticário,Cuide-se Bem,Ameixa,Sabonete Líquido Esfoliante,Frasco 200ml,1,
O Boticário,Cuide-se Bem,Pessegura,Hidratante + Body Splash,Kit,1,
O Boticário,Cuide-se Bem,Sortidos,3 Mini Body Splash,Kit,1,
O Boticário,Cuide-se Bem,De leite,Hidratante,Frasco,2,
O Boticário,Cuide-se Bem,Deleite Chocolatudo ,Creme Esfoliante,Pote,1,"39,9"
O Boticário,Cuide-se Bem,Pessegura,Body Splash + Creme Mãos + Necessaire,Kit,2,
O Boticário,Cuide-se Bem,Deleite,Body Splash,Frasco,5,
O Boticário,Cuide-se Bem,Nuvem de Alegria,Body Splash,Frasco,1,
O Boticário,Cuide-se Bem,Algodão Doce,Body Splash,Frasco,2,
O Boticário,Cuide-se Bem,Pessegura,Body Splash,Frasco,1,
O Boticário,Cuide-se Bem ,Pessegura ,Hidratante 200ml + Sabonete Barra,Kit,3,"59,9"
O Boticário,Cuide-se Bem ,Pessegura,Body Splash,Frasco,1,
O Boticário,Cuide-se Bem ,Beijinho,Body Splash,Frasco,1,
O Boticário,Cuide-se Bem ,Deleite,Body Splash,Frasco,1,
O Boticário,Dr. Botica,Porção Aventura ,Colônia + Sabonete Barra,Kit,1,"104,9"
O Boticário,Dr. Botica,Poção das Bolhas ,Sabonete Líquido,Frasco,2,
O Boticário,Dr. Botica,Poção das Nuvens,Hidratante,Frasco,2,
O Boticário,Dr. Botica,Poção Tira Nó ,Creme Pentear,Frasco,1,
O Boticário,Dr. Botica,Poção Liso ,Creme Pentear,Frasco,2,
O Boticário,Dr. Botica,Poção da Espuma  Liso,Shampoo,Frasco,1,
O Boticário,Dr. Botica,Poção do Brilho ,Condicionador,Frasco,1,
O Boticário,Dr. Botica,Coração,Colônia Infantil,Frasco,1,
O Boticário,Dr. Botica,Criatividade,Colônia Infantil,Frasco,1,
O Boticário,Dr. Botica,Coragem,Colônia Infantil,Frasco,1,
O Boticário,Dr. Botica,Amizade,Colônia Infantil,Frasco,1,
O Boticário,Dr. Botica,Aventura,Colônia Infantil,Frasco,1,
O Boticário,Dr. Botica,Coragem,Sabonete em Barra Infantil,Caixa 3 unidades,1,
O Boticário,Dr. Botica,Coração,Sabonete em Barra Infantil,Unidade,2,
O Boticário,Dr. Botica,Amizade,Sabonete em Barra Infantil,Unidade,1,
O Boticário,Dr. Botica,Cachos,Shampoo Infantil,Frasco 400ml,1,
O Boticário,Dr. Botica,Cachos,Condicionador Infantil,Frasco 400ml,1,
O Boticário,Dr. Botica,Cachos,Creme para Pentear Infantil,Frasco 400ml,1,
O Boticário,Dream,Amor no Ar ,Body Splash,Frasco,3,
O Boticário,Dream,Céu de Baunilha,Body Splash,Frasco,4,
O Boticário,Dream,Viagem Encantada,Body Splash,Frasco,10,
O Boticário,Egeo,Dolce,Aerosol,Frasco,1,
O Boticário,Egeo,Choc,Colônia,Unidade,1,"159,9"
O Boticário,Egeo,Dolce,Colônia,Unidade,1,"159,9"
O Boticário,Egeo,Choc High,Perfume,Unidade,1,"154,9"
O Boticário,Egeo,Red,Perfume,Unidade,1,"159,9"
O Boticário,Egeo,Choc,Perfume,Unidade,1,"154,9"
O Boticário,Egeo,Dolce ,Perfume + Mousse Hidratante,Kit,2,"179,9"
O Boticário,Egeo,Choc ,Colônia + Hidratante + Necessaire,Kit,2,"199,9"
O Boticário,Egeo,Dolce ,Colônia + Hidratante + Creme Mãos,Kit,2,"179,9"
O Boticário,Egeo,Dolce, Mini Colônia + Hidratante,Kit,2,"154,9"
O Boticário,Egeo,Choc High,Hidratante,Pote,1,"159,9"
O Boticário,Egeo,Choc,Hidratante,Pote,1,"159,9"
O Boticário,Egeo,Original Masculino,Perfume Masculino,Frasco,1,
O Boticário,Egeo,Bomb Black,Perfume Masculino,Frasco,1,
O Boticário,Egeo,Original,Perfume Masculino,Frasco,1,
O Boticário,Egeo,Choc High,Colônia Masculina,Frasco,1,
O Boticário,Egeo,Blue,Colônia Masculina,Frasco,1,
O Boticário,Egeo,Vanilla Vibe,Colônia,Frasco,1,
O Boticário,Egeo,Blue ,Colônia + Shower Gel + Necessaire,Kit,1,
O Boticário,Egeo,Blue ,Colônia + Shower Gel,Kit,5,
O Boticário,Elysée,Tradicional,Hidratante,Refil,2,"99,9"
O Boticário,Elysée,Tradicional,Hidratante,Pote,1,"144,9"
O Boticário,Elysée,Tradicional,Colônia,Unidade,1,"319,9"
O Boticário,Elysée,Tradicional,Hidratante,Pote,2,"144,9"
O Boticário,Elysée,Tradicional,Perfume,Frasco,1,
O Boticário,Floratta,Rose,Colônia Feminina,Frasco,1,
O Boticário,Floratta,Gold,Hidratante,Pote,1,"66,9"
O Boticário,Floratta,Blue,Desodorante Spray,Refil,1,"37,9"
O Boticário,Floratta,Red ,Body Splash + 2 Sabonetes,Kit,3,"59,9"
O Boticário,Floratta,Gold ,Colônia + Hidratante,Kit,2,"189,9"
O Boticário,Floratta,Blue Rose Flores secretas,Mini 3 unds,Kit,2,"204,9"
O Boticário,Floratta,Gold ,Hidratante,Pote,1,"66,9"
O Boticário,Floratta,Red,Colônia Feminina,Frasco,1,
O Boticário,Floratta,My Blue,Colônia Feminina,Frasco,2,
O Boticário,Floratta,Red,Colônia + Hidratante,Kit,2,
O Boticário,Floratta,Gold,Colônia + Hidratante,Kit,2,
O Boticário,Floratta,My Blue,Colônia Feminina,Frasco,2,
O Boticário,Floratta,Red,Colônia Feminina,Frasco,1,
O Boticário,Floratta,Flores Secretas,Colônia Feminina,Frasco,1,
O Boticário,Floratta,Blue,Colônia Feminina,Frasco,1,
O Boticário,Glamour,Óleo Corporal,Hidratante,Frasco,1,
O Boticário,Glamour,Glamour,Colônia Feminina,Frasco,1,
O Boticário,Glamour,Secret Black,Colônia Feminina,Frasco,0,
O Boticário,Glamour,Tradicional,Colônia Feminina,Frasco,1,
O Boticário,Hadiya,,Perfume,Unidade,1,389
O Boticário,Harry Potter,,Body Splash,Frasco,1,
O Boticário,Her Code,Tradicional,Eau de Parfum + Hidratante,Kit,2,
O Boticário,Kriska,Jeans,Colônia + Deo Corporal,Kit,1,
O Boticário,Lily,Tradicional,Sabonete Barra,Caixa c/2,2,"54,9"
O Boticário,Lily,Tradicional,Hidratante,Refil,3,"99,9"
O Boticário,Lily,Tradicional,Condicionador,Unidade,2,"69,9"
O Boticário,Lily,Tradicional,Shampoo,Unidade,2,"62,9"
O Boticário,Lily,Tradicional,Aerosol ,Unidade,2,"39,9"
O Boticário,Lily,Soleil,Colônia + Geleia Hidratante + Creme Mãos,Kit,1,"255,9"
O Boticário,Lily,Tradicional,Eau de Parfum + Body Splash + Creme,Kit,2,299
O Boticário,Lily,Tradicional,Creme + Sabonete Líquido + Geleia,Kit,2,199
O Boticário,Lily,,Hidratante,Refil,3,"99,9"
O Boticário,Lily,Absolu ,Hidratante,Pote,2,"144,9"
O Boticário,Lily,Tradicional,Hidratante,Pote,3,"144,9"
O Boticário,Lily,Lumière ,Hidratante,Pote,1,"144,9"
O Boticário,Lily,Love ,Hidratante,Pote,1,"144,9"
O Boticário,Lily,Soleil ,Hidratante,Pote,1,"119,9"
O Boticário,Lily,Tradicional,Sabonete Líquido + Creme de Banho,Kit,1,
O Boticário,Lily,Tradicional,Óleo Corporal,Frasco,1,
O Boticário,Lily,Body Splash Lily,Body Splash,Frasco,1,
O Boticário,Lily,Tradicional,Aerosol ,Frasco,1,
O Boticário,Lily,Tradicional,Sabonete em Barra,Caixa 2 unidades,1,
O Boticário,Lily,Tradicional,Hidratante,Frasco,1,
O Boticário,Lily,Soleil,Colônia Feminina,Frasco,1,
O Boticário,Lily,Tradicional,Desodorante Corporal,Frasco,1,
O Boticário,Lily,Tradicional,Hidratante + Gel Iluminador,Kit,1,
O Boticário,Lily,Tradicional,Óleo Capilar e Corporal,Frasco,1,
O Boticário,Lily,Tradicional,Hidratante + 2 Sabonetes,Kit,1,
O Boticário,Lily,Tradicional,Refil Colônia,Refil,1,
O Boticário,Lily,Tradicional,Sabonete em Barra,Unidade,1,
O Boticário,Lily,Perfumado,Óleo Corporal,Frasco,3,
O Boticário,Lily,Love ,Hidratante,Refil,1,"99,9"
O Boticário,Lily ,Love,Hidratante,Refil,1,"99,9"
O Boticário,Linda,,Colônia + Hidratante + Necessaire,Kit,1,"218,9"
O Boticário,Liz,Intenso,Hidratante,Pote,1,"74,9"
O Boticário,Liz,Intenso,Hidratante,Pote,1,"74,9"
O Boticário,Liz,,Aerosol,Frasco,1,
O Boticário,Liz,Tradicional,Colônia + Hidratante 250g,Kit,1,
O Boticário,Liz,Tradicional,Colônia + Hidratante 300g,Kit,1,
O Boticário,Ma Chérie,Jeans,Desodorante Colônia Infantil,Frasco,1,
O Boticário,Ma Chérie,Tradicional,Colônia Infantil,Frasco,1,
O Boticário,Ma Chérie,Jeans,Hidratante,Frasco 200ml,1,
O Boticário,Malbec,Tradicional,Roll-on,Unidade,3,"29,9"
O Boticário,Malbec,Tradicional,Óleo de Massagem,Frasco,1,"67,9"
O Boticário,Malbec,Tradicional,Roll-on Desodorante,Roll-on,3,"29,9"
O Boticário,Malbec,Tradicional,Colônia + Shower Gel + Aerosol,Kit,2,
O Boticário,Malbec,Tradicional,Colônia + Shower Gel + Hidratante,Kit,2,
O Boticário,Malbec,Tradicional,Malbec Colônia + Body Spray + Hidratante + Sabonete,Kit,2,
O Boticário,Malbec,Tradicional,Malbec Colônia + Body Spray + Hidratante + Sabonete,Kit,3,
O Boticário,Malbec,Tradicional,Body Spray + Balm Pós Barba,Kit,1,
O Boticário,Malbec,Tradicional,Perfume + Shower Gel,Kit,3,
O Boticário,Malbec,Tradicional,Body Splash + Sabonetes,Kit,6,
O Boticário,Malbec,Icon,Perfume Masculino,Frasco,1,
O Boticário,Malbec,Flame,Perfume Masculino,Frasco,1,
O Boticário,Malbec,Gold,Perfume Masculino,Frasco,1,
O Boticário,Malbec,Club,Espuma de Barbear + Shampoo,Kit,1,
O Boticário,Malbec,X,Perfume Masculino,Frasco,2,
O Boticário,Malbec,Black Legend,Perfume Masculino,Frasco,6,
O Boticário,Malbec,Black Legend,Aerosol,Aerosol,1,
O Boticário,Malbec,Black Legend,Hidratante,Frasco,2,
O Boticário,Malbec,Black,Colônia + Body Spray + Shower Gel,Kit,2,
O Boticário,Malbec,Club ,Creme Barbear + Balm Pós Barba + Shampoo + Sabonete Líquido,Kit,1,
O Boticário,Malbec,Pure Gold,Sabonete Barra,caixa c/2,1,"31,9"
O Boticário,Malbec,Sabonete,Higiene,Caixa (2 un),1,"31,9"
O Boticário,Malbec,X ,Colônia + Aerosol + Shower Gel,Kit,1,
O Boticário,Match,Age Anti Oleosidade,Condicionador,Unidade,1,"47,9"
O Boticário,Match,SOS Cauterização,Condicionador,Unidade,3,"47,9"
O Boticário,Match,SOS Cauterização,Máscara,Refil,1,"57,9"
O Boticário,Match,Juventude dos Fios,Shampoo,Unidade,1,"45,9"
O Boticário,Match,Science Crescimento,Shampoo,Unidade,2,"45,9"
O Boticário,Match,Science Crescimento,Condicionador,Unidade,2,"47,9"
O Boticário,Match,Science Crescimento,Máscara,Unidade,2,"67,9"
O Boticário,Match,Pré e Pós Química,Shampoo,Unidade,1,"47,9"
O Boticário,Match,Pré e Pós Química,Condicionador,Unidade,1,"49,9"
O Boticário,Match,Pré e Pós Química,Máscara,Unidade,1,"69,9"
O Boticário,Match,Reconstrução,Shampoo,Unidade,1,"45,9"
O Boticário,Match,Reconstrução,Condicionador,Unidade,1,"47,9"
O Boticário,Match,Reconstrução,Máscara,Unidade,1,"67,9"
O Boticário,Match,Crescimento,Tônico,Unidade,1,"57,9"
O Boticário,Match,Nutrição Regeneradora,Shampoo,Unidade,1,"45,9"
O Boticário,Match,Nutrição Regeneradora,Condicionador,Unidade,1,"47,9"
O Boticário,Match,Nutrição Regeneradora,Máscara,Unidade,1,"67,9"
O Boticário,Match,Ciência das Curvas,Creme Pentear,Unidade,1,"64,99"
O Boticário,Match,Ciência das Curvas,Creme Pentear,Refil,1,"49,9"
O Boticário,Match,Ciência das Curvas,Shampoo,Unidade,1,"45,9"
O Boticário,Match,Ciência das Curvas,Condicionador,Unidade,2,"49,9"
O Boticário,Match,Ciência das Curvas,Leave-in,Unidade,2,"49,9"
O Boticário,Match,Lab Queratina Concentrada,Tratamento,Unidade,1,"44,9"
O Boticário,Match,Lab Reconstrutor,Leave-in,Unidade,1,"54,9"
O Boticário,Match,Hidratação e Brilho,Fluido de Brilho Capilar,Unidade,1,"59,9"
O Boticário,Match,Lab Multi Benefícios,Spray Capilar,Unidade,3,"64,9"
O Boticário,Match,Cachos,Refil Creme para Cachos,Refil,1,
O Boticário,Match,Cachos,Refil Creme para Pentear,Refil,1,
O Boticário,MEN,,Aerosol,Unidade,1,"39,9"
O Boticário,MEN,,Ultra Shower Gel,Unidade,1,"37,9"
O Boticário,MEN,,Espuma de Barbear,Unidade,1,"59,9"
O Boticário,MEN,,NBA Shower Gel,Frasco,1,"37,9"
O Boticário,MEN,,Espuma de Barbear,Frasco,1,"49,9"
O Boticário,MEN,,Aerosol Desodorante,Aerosol,1,"39,9"
O Boticário,Nativa Spa,Cereja Rouge,Body Splash,Frasco,1,
O Boticário,Nativa Spa,Cereja Rouge ,Mini Body Splash + Hidratante,Kit,1,"89,9"
O Boticário,Nativa spa,Ameixa ,Óleo em Creme,Pote,2,"69,9"
O Boticário,Nativa Spa,Grow Detox Noite ,Hidratante Noturno + Esfoliante Corporal,Kit,1,
O Boticário,Nativa Spa,Ameixa Dourada ,Gel Creme Mãos + Sabonete Barra,Kit,1,
O Boticário,Nativa Spa,Ameixa Negra ,Óleo Corpo e Cabelo,Frasco,1,
O Boticário,Nativa Spa,Ameixa Negra ,Óleo Corporal,Frasco,1,
O Boticário,Nativa Spa,Orquidea Lumiere ,Óleo Corporal,Frasco,1,
O Boticário,Nativa Spa,Rose ,Body Splash,Frasco,3,
O Boticário,Nativa Spa,Orquídea Noire ,Body Splash,Frasco,1,
O Boticário,Nativa Spa,Ameixa ,Óleo Corporal,Frasco,1,
O Boticário,Nativa Spa,Quinoa e Amêndoas ,Óleo Corporal,Frasco,1,
O Boticário,Nativa Spa,Ameixa,Óleo Corporal,Hidratante,1,
O Boticário,Nativa Spa,Quinoa & Amêndoas,Óleo Corporal,Hidratante,1,
O Boticário,Nativa Spa,Ameixa Negra,Refil Hidratante,Refil,1,
O Boticário,Nativa Spa,Ameixa Negra,Hidratante,Frasco,1,
O Boticário,Nativa Spa,Ameixa Negra,Body Splash,Frasco,1,
O Boticário,Nativa Spa,Ameixa,Hidratante,Frasco 400ml,1,
O Boticário,Nativa Spa,Lilac,Hidratante,Frasco 400ml,1,
O Boticário,Nativa Spa,Rose,Hidratante,Frasco 400ml,1,
O Boticário,Nativa Spa,Rose,Óleo Corporal,Frasco,1,
O Boticário,Nativa Spa,Óleo de Amêndoas,Sabonete Líquido,Frasco,1,
O Boticário,Nativa Spa,Ameixa,Hidratante + 3 Sabonetes,Kit,1,
O Boticário,Nativa Spa,Ameixa & Flor de Baunilha,Hidratante,Frasco,2,
O Boticário,Nativa Spa,Cereja Rouge,Sabonete Líquido,Frasco,1,"44,9"
O Boticário,Next,Spider-Man,Colônia Masculina,Frasco,1,
O Boticário,Portinari,,Aerosol,Unidade,2,"39,9"
O Boticário,Portinari,,Desodorante,Aerosol,2,"39,9"
O Boticário,QDB,Harry Potter ,Kit Pincéis,Kit,1,
O Boticário,Quasar,Sua Força,Colônia,Refil,1,"129,9"
O Boticário,Quasar,Next Spider Man ,Sabonete Gel,Gel,1,
O Boticário,Quasar,Next,Colônia Masculina,Frasco,2,
O Boticário,Quasar,Next,Desodorante Roll-on + Shower Gel,Kit,1,
O Boticário,Quasar,Next,Desodorante Creme,Frasco,2,
O Boticário,Quasar,Blue,Colônia Masculina,Frasco,2,
O Boticário,Sophie,Spider Gwen ,Jelly Cream,Pote,1,
O Boticário,Sophie,Spider Gwen,Colônia Infantil,Frasco,1,
O Boticário,Sophie,Spider Man,Colônia Infantil,Frasco,,
O Boticário,Sophie,,Sabonete Espuma Infantil,Caixa 3 unidades,2,
O Boticário,Sophie,Disney 100 anos ,Sabonete Infantil em Calda,Frasco,1,
O Boticário,Sophie,Like,Colônia Infantil,Frasco,1,
O Boticário,Sophie,Hello,Colônia Infantil,Frasco,1,
O Boticário,Sophie,,Shampoo Infantil,Frasco,1,
O Boticário,Sophie,,Condicionador Infantil,Frasco,1,
O Boticário,Sophie,,Loção Hidratante Infantil,Frasco,2,
O Boticário,Sophie,Cachos,Shampoo Infantil,Frasco,1,
O Boticário,Sophie,Cachos,Creme para Pentear Infantil,Frasco,1,
O Boticário,Styletto,,Colônia,Frasco,1,
O Boticário,The Blend,,Aerosol,125ml,2,"39,9"
O Boticário,The Blend,,Desodorante,Aerosol,2,"39,9"
O Boticário,Uomini,Black,Perfume Masculino,Frasco,1,
O Boticário,Zaad,Intense ,Hidratante,Unidade,1,"64,9"
O Boticário,Zaad,Tradicional,Aerosol,Unidade,8,"39,9"
O Boticário,Zaad,,Body Splash ,Frasco,1,"119,9"
O Boticário,Zaad,,Aerosol,Aerosol,8,"39,9"
O Boticário,Zaad,Intense ,Corporal,Frasco,1,"64,9"
O Boticário,Zaad,,Perfume + Espuma Barbear + Balm Pós Barba,Kit,3,
O Boticário,Zaad,,Perfume + Aerosol + Balm Pós Barba,Kit,1,
O Boticário,Zaad,Expedition,Perfume Masculino,Frasco,1,
O Boticário,Zaad,Tradicional,Miniatura,Mini,1,
O Boticário,,Sabonteira Banheira,Acessório,Unidade,1,
O Boticário,Nativa Spa,Quinoa,Hidratante,Refil,4,"67,9"
O Boticário,Nativa Spa,Ameixa,Hidratante,Refil,3,"67,9"
O Boticário,Nativa Spa,Ameixa Negra,Hidratante,Refil,11,"67,9"
O Boticário,Nativa Spa,Orquídea Noire,Hidratante,Refil,1,"67,9"
O Boticário,Nativa Spa,Orquídea Lumière,Hidratante,Refil,1,"67,9"
O Boticário,Nativa Spa,Rosé,Hidratante,Refil,1,"67,9"
O Boticário,Nativa Spa,Ameixa ,Hidratante + Sabonete Líquido + Esponja,Kit,3,"139,9"
O Boticário,Nativa Spa,Quinoa,Hidratante,Pote,4,"86,9"
O Boticário,Nativa Spa,Ameixa,Hidratante,Pote,5,"86,9"
O Boticário,Nativa Spa,Ameixa Negra,Hidratante,Pote,2,"86,9"
O Boticário,Nativa Spa,Orquídea Noire,Hidratante,Pote,4,"86,9"
O Boticário,Nativa Spa,Orquídea Lumière,Hidratante,Pote,1,"86,9"
O Boticário,Nativa Spa,Rosé,Hidratante,Pote,1,"86,9"
O Boticário,Zaad,Expedition,Perfume Masculino,Frasco,1,
O Boticário,Zaad,Tradicional,Perfume Masculino,Frasco Mini,1,
O Boticário,Zaad,Tradicional,Colônia + Perfume + Balm Pós-Barba,Kit,1,
O.U.I,,La Villette,Perfume Refil,Refil,1,269
O.U.I,,Scapin,Mini Perfume,Unidade,1,199
O.U.I,,Madeleine,Hidratante,Unidade,2,134
O.U.I,,Jardin de Grasse Rose,Sabonete Líquido 400ml,Unidade,1,129
O.U.I,,Jardin de Grasse Sauge Blanche,Sabonete Líquido 200ml,Unidade,1,94
O.U.I,,Jardin de Grasse,Sabonete Barra,Unidade,1,44